publishedAt,channelId,title,description,channelTitle,playlistId,position,videoId,videoOwnerChannelTitle,videoOwnerChannelId
2024-10-11T01:21:17Z,UCeYSnd34IPe57sM8hkjWhrw,"Theodore Roosevelt, el gringo m√°s gringo - Historia para tontos Podcast - Episodio #117","¬°Amigos, acomp√°√±enos el d√≠a de hoy a conocer la historia de el 26to presidente de los EEUU Theodore Roosevelt; el cobowboy y el presidente m√°s gringo que han tenido los gringos! Amado por los estadounidenses, odiado por los latinoamericanos

¬°Suscr√≠bete al Patreon para contenido exclusivo!

‚ñ∫ patreon.com/historiaparatontos 

¬°Recuerden seguirnos en nuestras redes oficiales!

‚ñ∫S√≠guenos en Instagram

https://www.instagram.com/historiaparatontospodcast

‚ñ∫S√≠guenos en Facebook:

https://www.facebook.com/historiaparatontos_podcast

los quiero mucho x2",Historia para Tontos Podcast,PLlP9CI1vpjD6siEPRL5TK3S4a6V6KDTIe,0,wCm4FNSnDPs,Historia para Tontos Podcast,UCeYSnd34IPe57sM8hkjWhrw
2024-09-26T04:28:43Z,UCeYSnd34IPe57sM8hkjWhrw,Guerra de los 30 a√±os / Paz de Westfalia üó∫ - Historia para tontos Podcast - Episodio #116,"¬°Amigos, acomp√°√±enos el d√≠a de hoy terminaremos de hablar de las GUerra de los 30 a√±os y que fue concluida con la Paz de Westfalia. Hablaremos de los puntos de este Tratado de 1648 y por qu√© es tan importante para la diplomacia moderna

¬°Suscr√≠bete al Patreon para contenido exclusivo!

‚ñ∫ patreon.com/historiaparatontos 

¬°Recuerden seguirnos en nuestras redes oficiales!

‚ñ∫S√≠guenos en Instagram

https://www.instagram.com/historiaparatontospodcast

‚ñ∫S√≠guenos en Facebook:

https://www.facebook.com/historiaparatontos_podcast

los quiero mucho x2",Historia para Tontos Podcast,PLlP9CI1vpjD6siEPRL5TK3S4a6V6KDTIe,1,5Uac-LKCY4Y,Historia para Tontos Podcast,UCeYSnd34IPe57sM8hkjWhrw
2024-09-26T03:36:38Z,UCeYSnd34IPe57sM8hkjWhrw,La Guerra de los 30 a√±os üó∫ - Historia para tontos Podcast - Episodio #115,"¬°Amigos, acomp√°√±enos el d√≠a de hoy a explorar la historia de uno de los momentos m√°s terribles de la historia moderna, la Guerra de los 30 a√±os que se di√≥ 1618 a 1648, que es considerada la Primera Guerra Mundial y fue concluida con la Paz de Westfalia. 

¬°Suscr√≠bete al Patreon para contenido exclusivo!

‚ñ∫ patreon.com/historiaparatontos 

¬°Recuerden seguirnos en nuestras redes oficiales!

‚ñ∫S√≠guenos en Instagram

https://www.instagram.com/historiaparatontospodcast

‚ñ∫S√≠guenos en Facebook:

https://www.facebook.com/historiaparatontos_podcast

los quiero mucho x2",Historia para Tontos Podcast,PLlP9CI1vpjD6siEPRL5TK3S4a6V6KDTIe,2,kSRLcVrXYSY,Historia para Tontos Podcast,UCeYSnd34IPe57sM8hkjWhrw
2024-09-15T06:45:58Z,UCeYSnd34IPe57sM8hkjWhrw,Maravillas del mundo moderno üèõ ‚õ©  - Historia para tontos Podcast - Episodio #114,"¬°Amigos, acomp√°√±enos el d√≠a de hoy a explorar la historia de las maravillas del mundo moderno! Antes hablamos de las maravillas del mundo antiguo y ahora de los modernos porque nos modernizamos! Descubramos estas maravillas y cu√°les ustedes propondr√≠an para esta lisa.

¬°Suscr√≠bete al Patreon para contenido exclusivo!

‚ñ∫ patreon.com/historiaparatontos 

¬°Recuerden seguirnos en nuestras redes oficiales!

‚ñ∫S√≠guenos en Instagram

https://www.instagram.com/historiaparatontospodcast

‚ñ∫S√≠guenos en Facebook:

https://www.facebook.com/historiaparatontos_podcast

los quiero mucho x2",Historia para Tontos Podcast,PLlP9CI1vpjD6siEPRL5TK3S4a6V6KDTIe,3,HxMXLWqe9HQ,Historia para Tontos Podcast,UCeYSnd34IPe57sM8hkjWhrw
2024-09-03T02:19:12Z,UCeYSnd34IPe57sM8hkjWhrw,Historia del anime üóæ - ft C√©sar Ruelas   - Historia para tontos Podcast - Episodio # 113,"¬°Amigos, acomp√°√±enos el d√≠a de hoy a explorar la historia del anime o animaci√≥n japonesa! ¬øC√≥mo surgi√≥? ¬øCu√°les son sus primeros √°nimes? ¬øQui√©n es nuestro invitado especial? 

¬°Suscr√≠bete al Patreon para contenido exclusivo!

‚ñ∫ patreon.com/historiaparatontos 

¬°Recuerden seguirnos en nuestras redes oficiales!

‚ñ∫S√≠guenos en Instagram

https://www.instagram.com/historiaparatontospodcast

‚ñ∫S√≠guenos en Facebook:

https://www.facebook.com/historiaparatontos_podcast

los quiero mucho x2",Historia para Tontos Podcast,PLlP9CI1vpjD6siEPRL5TK3S4a6V6KDTIe,4,cOxTBBHDN-0,Historia para Tontos Podcast,UCeYSnd34IPe57sM8hkjWhrw
2024-08-27T02:45:35Z,UCeYSnd34IPe57sM8hkjWhrw,Maravillas del Mundo Antiguo  - Historia para tontos Podcast - Episodio # 112,"¬°Amigos, acomp√°√±enos el d√≠a de hoy a explorar las maravillas del mundo antiguo, aquellas que merec√≠an ser visitadas en el pasado! ¬øD√≥nde est√°n? ¬øC√≥mo eran? ¬øQu√© caracter√≠sticas ten√≠an!

¬°Recuerden seguirnos en nuestras redes oficiales!

‚ñ∫S√≠guenos en Instagram

https://www.instagram.com/historiaparatontospodcast

‚ñ∫S√≠guenos en Facebook:

https://www.facebook.com/historiaparatontos_podcast

los quiero mucho x2",Historia para Tontos Podcast,PLlP9CI1vpjD6siEPRL5TK3S4a6V6KDTIe,5,0IDFrBktWIA,Historia para Tontos Podcast,UCeYSnd34IPe57sM8hkjWhrw
2024-08-19T18:27:54Z,UCeYSnd34IPe57sM8hkjWhrw,Historia de los metales ft @Heliouz  - Historia para tontos Podcast - Episodio # 111,"¬°Amigos, acomp√°√±enos el d√≠a de hoy junto a un gran amigo e incre√≠ble persona: Helios! Exploraremos la historia del uso de los metales en diferentes culturas. Es el cap√≠tulo m√°s cient√≠fico que hemos hecho y con un wey titulado y con maestr√≠a raza. As√≠ es, ya hay fuentes jajajaja. 

¬°Recuerden seguirnos en nuestras redes oficiales!



‚ñ∫S√≠guenos en Instagram



https://www.instagram.com/historiaparatontospodcast

https://www.instagram.com/heliouz_/?hl=es 

‚ñ∫S√≠guenos en Facebook:



https://www.facebook.com/historiaparatontos_podcast



los quiero mucho x2",Historia para Tontos Podcast,PLlP9CI1vpjD6siEPRL5TK3S4a6V6KDTIe,6,t3MogAmkMUg,Historia para Tontos Podcast,UCeYSnd34IPe57sM8hkjWhrw
2024-08-12T19:53:04Z,UCeYSnd34IPe57sM8hkjWhrw,Independencia de Espa√±a - Historia para tontos Podcast - Episodio # 110,"Weeeeeey amigos! Acomp√°√±enos el d√≠a de hoy con la historia de este pais desde sus inicios belicos, como inventaron la paella, el barcelona, las tapas y el maincraft 



¬°Recuerden seguirnos en nuestras redes oficiales!



‚ñ∫S√≠guenos en Instagram



https://www.instagram.com/historiaparatontospodcast



‚ñ∫S√≠guenos en Facebook:



https://www.facebook.com/historiaparatontos_podcast



los quiero mucho x2",Historia para Tontos Podcast,PLlP9CI1vpjD6siEPRL5TK3S4a6V6KDTIe,7,Vhf-VeTykO8,Historia para Tontos Podcast,UCeYSnd34IPe57sM8hkjWhrw
2024-07-31T19:15:20Z,UCeYSnd34IPe57sM8hkjWhrw,Historia de los Juegos Ol√≠mpicos üèÜü•áü•àü•â - Historia Para Tontos Podcast - Episodio #110,"¬°Amigos estamos a la mitad de este magno evento internacional llamado Juegos Ol√≠mpicos! ¬øPero sab√≠an que tiene un chingo de histor√≠a y viene desde hace m√°s de 1000 a√±os estos juegos? ¬øD√≥nde fueron los primeros? ¬øCu√°nto cuestan? ¬°Acomp√°√±enos a descubrirlo!
.
.
-
¬°S√≠ganos en Instagram! 
@HistoriaParaTontos 
@HistoriaParaTontos_podcast",Historia para Tontos Podcast,PLlP9CI1vpjD6siEPRL5TK3S4a6V6KDTIe,8,QO_mORdhchw,Historia para Tontos Podcast,UCeYSnd34IPe57sM8hkjWhrw
2024-07-23T12:57:24Z,UCeYSnd34IPe57sM8hkjWhrw,Julio C√©sar Parte #3 - Historia Para Tontos Podcast - Episodio #109,"Amigos, el d√≠a de hoy seguiremos explorando la historia de este gran romano, h√©roe, magn√°nimo, incre√≠ble personaje y cero penudo Julio C√©sar. Hablaremos de su ascenso como dictador, qu√© fue lo que hizo y qu√© fue lo que caus√≥ su desvivisi√≥n y lo mand√≥ directito al Lobby.  
¬°Y recuerden que no hay historia sin un wey!
¬°S√≠guenos en nustras redes sociales!
IG: @historiaparatontos @historiaparatontos_podcast",Historia para Tontos Podcast,PLlP9CI1vpjD6siEPRL5TK3S4a6V6KDTIe,9,rXd-HsVezzs,Historia para Tontos Podcast,UCeYSnd34IPe57sM8hkjWhrw
2024-07-15T20:01:23Z,UCeYSnd34IPe57sM8hkjWhrw,Julio C√©sar Parte #2 - Historia Para Tontos Podcast - Episodio #108,"Amigos, el d√≠a de hoy seguiremos explorando la historia de este gran romano, h√©roe, magn√°nimo, incre√≠ble personaje y cero penudo Julio C√©sar. Exploraremos el gran ascenso de este predictador, sus m√°s grandes conquistas y c√≥mo inici√≥ la guerra civil romana.  
¬°Y recuerden que no hay historia sin un wey!
¬°S√≠guenos en nustras redes sociales!
IG: @historiaparatontos @historiaparatontos_podcast",Historia para Tontos Podcast,PLlP9CI1vpjD6siEPRL5TK3S4a6V6KDTIe,10,0kY6Qt1V8Kc,Historia para Tontos Podcast,UCeYSnd34IPe57sM8hkjWhrw
2024-07-09T02:43:25Z,UCeYSnd34IPe57sM8hkjWhrw,"""Golpe de Estado"" en Bolivia - Historia Para Tontos Podcast - Episodio #107","Weeeeeeey, acomp√°√±enos explorando que fue lo que sucedi√≥ en Bolivia hace unas semanas ¬øgolpe de estado? ¬øautogolpe de estado?",Historia para Tontos Podcast,PLlP9CI1vpjD6siEPRL5TK3S4a6V6KDTIe,11,FOFeh_vfcD8,Historia para Tontos Podcast,UCeYSnd34IPe57sM8hkjWhrw
2024-06-25T16:53:33Z,UCeYSnd34IPe57sM8hkjWhrw,Guerra de la Triple Alianza pt #2 - Historia Para Tontos Podcast - Episodio #106,"Weeeeeeey, acomp√°√±enos en la continuaci√≥n de este conflicto b√©lico sudamericano que es considerado el m√°s sangriento del Cono Sur.",Historia para Tontos Podcast,PLlP9CI1vpjD6siEPRL5TK3S4a6V6KDTIe,12,CPCN1Lqzc2U,Historia para Tontos Podcast,UCeYSnd34IPe57sM8hkjWhrw
2024-06-15T02:01:18Z,UCeYSnd34IPe57sM8hkjWhrw,Teotihuacan pt 2 - Historia para totos Podcast - Episodio #105,"¬°Acomp√°√±enos a seguir descubriendo  esta incre√≠ble zona arqueol√≥gica y su historia! Una de las culturas m√°s grandes y desconocidas que se encuentran en M√©xico y est ocasi√≥n estaremos explorando sus principales edificaciones y arquitectura de esta gran ciudad prehisp√°nica. 

¬°S√≠guenos en Instagram! @historiaparatontos y @historiaparatontos_podcast",Historia para Tontos Podcast,PLlP9CI1vpjD6siEPRL5TK3S4a6V6KDTIe,13,qSjSUN6Rxhk,Historia para Tontos Podcast,UCeYSnd34IPe57sM8hkjWhrw
2024-06-04T17:28:55Z,UCeYSnd34IPe57sM8hkjWhrw,Julio C√©sar pt #1 - Historia Para Tontos Podcast - Episodio #104,"¬°Amigos, acomp√°√±enos a estudiar la vida de este gran personaje hist√≥rico; uno de los conquistadores m√°s grandes que tuvo Roma! Esta vez exploraremos sus inicios antes de ser el gran C√©sar que trascendi√≥ hasta hoy en d√≠a.
¬°Siguenos en Instagram!
- @historiaparatontospodcast5148 
- @historiaparatontospodcast5148

¬°Y recuerden que no hay una historia si no hay un weeeeeey!",Historia para Tontos Podcast,PLlP9CI1vpjD6siEPRL5TK3S4a6V6KDTIe,14,ShW6FY-vbmo,Historia para Tontos Podcast,UCeYSnd34IPe57sM8hkjWhrw
2024-05-22T20:11:43Z,UCeYSnd34IPe57sM8hkjWhrw,La Guerra de los Pasteles - Historia Para Tontos Podcast - Episodio #103,"¬°Amigos, acomp√°√±enos el d√≠a de hoy en este bello podcast explorando la historia mexicana! La Primera Intervenci√≥n Francesa o la Guerra de los Franceses fue un conflicto que enfrent√≥ al Imperio Franc√©s y a M√©xico debido a unos ¬ø¬°PASTELES!? 
¬°Siguenos en Instagram!
- @historiaparatontospodcast5148 
- @historiaparatontospodcast5148

¬°Y recuerden que no hay una historia si no hay un weeeeeey!",Historia para Tontos Podcast,PLlP9CI1vpjD6siEPRL5TK3S4a6V6KDTIe,15,rx108V8Ydtc,Historia para Tontos Podcast,UCeYSnd34IPe57sM8hkjWhrw
2024-05-15T00:55:50Z,UCeYSnd34IPe57sM8hkjWhrw,Francisco de Montejo ft Francely Abreu - Historia Para Tontos Podcast - Episodio 102,"¬°Amigos! Acomp√°√±enos a descubrir un poco de la conquista de la Pen√≠nsula de Yucat√°n! En especial hablaremos del conquistador Francisco de Montejo; un personaje muy importante para la historia yucateca.
Esta vez nos acompa√±a la gran artista, guap√≠sima y talentosa Francely Abreu que nos hablar√° de su nueva canci√≥n.",Historia para Tontos Podcast,PLlP9CI1vpjD6siEPRL5TK3S4a6V6KDTIe,16,o7l_d75l-eo,Historia para Tontos Podcast,UCeYSnd34IPe57sM8hkjWhrw
2024-05-10T21:52:28Z,UCeYSnd34IPe57sM8hkjWhrw,Teotihuacan - Historia para totos Podcast - Episodio #101,"¬°Acomp√°√±enos a descubrir esta incre√≠ble zona arqueol√≥gica y su historia! Una de las culturas m√°s grandes y desconocidas que se encuentran en M√©xico



Gracias por 100 capitulos, vamos por 100 mas.. ajuaaaaaa",Historia para Tontos Podcast,PLlP9CI1vpjD6siEPRL5TK3S4a6V6KDTIe,17,RBnZPFhDcnk,Historia para Tontos Podcast,UCeYSnd34IPe57sM8hkjWhrw
2024-04-24T23:18:08Z,UCeYSnd34IPe57sM8hkjWhrw,Imperio Japon√©s pt #3 - Historia Para Tontos Podcast - Cap√≠tulo 100,"Weeeeeeey, AL FIN AL FIN AL FIN LLEG√ì LLEG√ì. IMPERIO JAPON√âS PARTE 3 ALV DESPU√âS DE 2 A√ëOS ALVVVV

¬°Muchas gracias por su gran apoyo! ¬°Empieza la segunda tenporada de este bello podcast!

‚ñ∫S√≠guenos en Instagram
 / historiaparatontospodcast  

‚ñ∫S√≠guenos en Facebook:
 / historiaparatontos_podcast",Historia para Tontos Podcast,PLlP9CI1vpjD6siEPRL5TK3S4a6V6KDTIe,18,yFHCam_Q9j4,Historia para Tontos Podcast,UCeYSnd34IPe57sM8hkjWhrw
2024-04-09T18:00:31Z,UCeYSnd34IPe57sM8hkjWhrw,Espcial recapitulaci√≥n del podcast - Historia para Tontos Podcast- Episodio #99,"Weeeeeeey, el d√≠a de hoy habr√° chismecito, pero del podcast. Repasaremos los mejores momentos del podcast y los m√°s divertidos a nuestro parecer jajaja. Casi 100 cap√≠tulos oficiales de Historia ParaTontos a lo largo de casi 3 a√±os y todo se lo debemos a ustedes ¬°Muchas gracias por su apoyo y por estar acompa√±√°ndonos en esta gran aventura! 

‚ñ∫S√≠guenos en Instagram
 / historiaparatontospodcast  

‚ñ∫S√≠guenos en Facebook:
 / historiaparatontos_podcast",Historia para Tontos Podcast,PLlP9CI1vpjD6siEPRL5TK3S4a6V6KDTIe,19,cQ9RLDhq6JY,Historia para Tontos Podcast,UCeYSnd34IPe57sM8hkjWhrw
2024-04-01T19:33:34Z,UCeYSnd34IPe57sM8hkjWhrw,Eventos hist√≥ricos Paralelos - Historia para Tontos Podcast- Episodio #98,"Weeeeeeey, el d√≠a de hoy hicimos un cap√≠tulo especial que muchxs de ustedes nos pidieron que son los ""paralelisimos hist√≥ricos"" que en realidad son los Eventos Hist√≥ricos Paralelos. ¬øUstedes sab√≠an que cuando se funda reinaba Cleopatra Egipto, las Grandes Pir√°mides de Giza llevaban 2000 a√±os abandonadas? ¬°Descubramos m√°s datos y chismecito hist√≥rico! 

‚ñ∫S√≠guenos en Instagram
 / historiaparatontospodcast  

‚ñ∫S√≠guenos en Facebook:
 / historiaparatontos_podcast",Historia para Tontos Podcast,PLlP9CI1vpjD6siEPRL5TK3S4a6V6KDTIe,20,J5dH-jKp-ac,Historia para Tontos Podcast,UCeYSnd34IPe57sM8hkjWhrw
2024-03-21T01:38:33Z,UCeYSnd34IPe57sM8hkjWhrw,Barbaroja - Historia para Tontos Podcast- Episodio #97,"Weeeeeeey, acomp√°√±ennos el d√≠a de hoy a explorar la historia de uno de los almirantes militares mas rotos de la historia. Ni Jack Sparrow ni Luffy hubieran podido contra √©l alv. El terror de los espa√±oles y de los cristianos en general, el gran pirata, almirante, gobernador y corsario Barbaroja ALV

‚ñ∫S√≠guenos en Instagram
 / historiaparatontospodcast  

‚ñ∫S√≠guenos en Facebook:
 / historiaparatontos_podcast",Historia para Tontos Podcast,PLlP9CI1vpjD6siEPRL5TK3S4a6V6KDTIe,21,Go2KlhN4cQk,Historia para Tontos Podcast,UCeYSnd34IPe57sM8hkjWhrw
2024-03-12T23:43:19Z,UCeYSnd34IPe57sM8hkjWhrw,Guerra de la Triple Alianza - Historia para Tontos Podcast- Episodio #96,"Weeeeeeey, acomp√°√±ennos el d√≠a de hoy a explorar la historia de unas de las mayores zapizas que existieron en el sur del continente americano. Cuando Paraguay dijo: chsm todos contra mi alv. Lo cual, spoiler alert, no sali√≥ muy bien ¬°Esperen la parte dos!

‚ñ∫S√≠guenos en Instagram
 / historiaparatontospodcast  

‚ñ∫S√≠guenos en Facebook:
 / historiaparatontos_podcast",Historia para Tontos Podcast,PLlP9CI1vpjD6siEPRL5TK3S4a6V6KDTIe,22,FXxcNjTZ4qo,Historia para Tontos Podcast,UCeYSnd34IPe57sM8hkjWhrw
2024-03-07T20:57:05Z,UCeYSnd34IPe57sM8hkjWhrw,Historia del rock ft Jay de La Cueva - Historia para Tontos Podcast- Episodio #95,"Weeeeeeey, acomp√°√±ennos el d√≠a de hoy a explorar la historia del rock con, posiblemente, la persona m√°s famosa que tendremos en el podcast jajaja. El incre√≠ble Jay de la Cueva nos acompa√±a a aprender el origen de este g√©nero musical y nos hablar√° de sus experiencias y nuevos proyectos.

‚ñ∫S√≠guenos en Instagram

 

 / historiaparatontospodcast  

‚ñ∫S√≠guenos en Facebook:

 

 / historiaparatontos_podcast",Historia para Tontos Podcast,PLlP9CI1vpjD6siEPRL5TK3S4a6V6KDTIe,23,PAFwYBqf_Os,Historia para Tontos Podcast,UCeYSnd34IPe57sM8hkjWhrw
2024-02-07T23:48:16Z,UCeYSnd34IPe57sM8hkjWhrw,Conflicto Israel üáÆüá± vs Palestina üáµüá∏ pt #2 - Cap√≠tulo #91 - Historia Para Tontos Podcast,"Weeeeey, acomp√°√±enos esta vez explorando la segunda parte de este gran conflicto que sigue sucediendo hoy en d√≠a. Hablaremos de la historia moderna y qu√© fue lo que sucedi√≥ que llev√≥ a los ataques del a√±o pasado por parte de ciertos grupos radicales a Israel.
‚ñ∫S√≠guenos en Instagram
  / historiaparatontospodcast  

‚ñ∫S√≠guenos en Facebook:
  / historiaparatontos_podcast.",Historia para Tontos Podcast,PLlP9CI1vpjD6siEPRL5TK3S4a6V6KDTIe,24,7Jo3NR5lgd8,Historia para Tontos Podcast,UCeYSnd34IPe57sM8hkjWhrw
