kind,etag,id,snippet.channelId,snippet.videoId,snippet.topLevelComment.kind,snippet.topLevelComment.etag,snippet.topLevelComment.id,snippet.topLevelComment.snippet.channelId,snippet.topLevelComment.snippet.videoId,snippet.topLevelComment.snippet.textDisplay,snippet.topLevelComment.snippet.textOriginal,snippet.topLevelComment.snippet.authorDisplayName,snippet.topLevelComment.snippet.authorProfileImageUrl,snippet.topLevelComment.snippet.authorChannelUrl,snippet.topLevelComment.snippet.authorChannelId.value,snippet.topLevelComment.snippet.canRate,snippet.topLevelComment.snippet.viewerRating,snippet.topLevelComment.snippet.likeCount,snippet.topLevelComment.snippet.publishedAt,snippet.topLevelComment.snippet.updatedAt,snippet.canReply,snippet.totalReplyCount,snippet.isPublic,replies.comments,snippet.textDisplay,snippet.textOriginal,snippet.parentId,snippet.authorDisplayName,snippet.authorProfileImageUrl,snippet.authorChannelUrl,snippet.authorChannelId.value,snippet.canRate,snippet.viewerRating,snippet.likeCount,snippet.publishedAt,snippet.updatedAt
youtube#commentThread,iXI5F5WJi3-NrpNrzwnbm_2jnrk,Ugz0Zqtrb_JtRSDizPB4AaABAg,UCeYSnd34IPe57sM8hkjWhrw,qSjSUN6Rxhk,youtube#comment,fN8jt_wMsYR-u1c1n1qLR9LdB9Q,Ugz0Zqtrb_JtRSDizPB4AaABAg,UCeYSnd34IPe57sM8hkjWhrw,qSjSUN6Rxhk,"Fan del potcast en Spotify, empec√© a escucharlos este a√±o 2024 y ya voy en <br>el cap. <a href=""http://www.youtube.com/results?search_query=%23104"">#104</a>.<br>‚ô• Amo la introducci√≥n de 15-20 min, sigan as√≠, me alegran el camino en el metro ‚ô•<br>literal, apenas entro a VERLOS regresando a escuchar/ver <br>ùëªùíÜùíêùíïùíäùíâùíñùíÇùíÑùíÇùíè 1 y 2<br>Saludos!","Fan del potcast en Spotify, empec√© a escucharlos este a√±o 2024 y ya voy en 
el cap. #104.
‚ô• Amo la introducci√≥n de 15-20 min, sigan as√≠, me alegran el camino en el metro ‚ô•
literal, apenas entro a VERLOS regresando a escuchar/ver 
ùëªùíÜùíêùíïùíäùíâùíñùíÇùíÑùíÇùíè 1 y 2
Saludos!",@ANGELE13nuit,https://yt3.ggpht.com/ytc/AIdro_n8_c08K49ta_Rmx4nCFTFYftzwgWLisTk7IHs8FinrrA=s48-c-k-c0x00ffffff-no-rj,http://www.youtube.com/@ANGELE13nuit,UCa-horileJFag1nLFZdwsSQ,True,none,0.0,2024-10-09T18:23:15Z,2024-10-09T18:23:15Z,True,0.0,True,,,,,,,,,,,,,
youtube#commentThread,Ogc4KFNeoTfWh_dSAJIQc3e6oQE,UgydFcDhN-9LRGpLidZ4AaABAg,UCeYSnd34IPe57sM8hkjWhrw,qSjSUN6Rxhk,youtube#comment,pZo2R-fUxrq6leR392QxO9zIwXw,UgydFcDhN-9LRGpLidZ4AaABAg,UCeYSnd34IPe57sM8hkjWhrw,qSjSUN6Rxhk,Parte 7 y parte 9 como las etapas de las pir√°mides üòä,Parte 7 y parte 9 como las etapas de las pir√°mides üòä,@SNAIDWER,https://yt3.ggpht.com/ytc/AIdro_m4AfvkQNBHJRHls5MImsmA5XY8e75Yt9H8FjAwBzMzmNs=s48-c-k-c0x00ffffff-no-rj,http://www.youtube.com/@SNAIDWER,UC-eJoAF8Pcd9IbzLLa_rvTg,True,none,0.0,2024-09-06T13:40:32Z,2024-09-06T13:40:32Z,True,0.0,True,,,,,,,,,,,,,
youtube#commentThread,CBU_dF-yOGs-WOsVcyuzoa7cm0o,Ugyr1TSeNMVx1CK_5r94AaABAg,UCeYSnd34IPe57sM8hkjWhrw,qSjSUN6Rxhk,youtube#comment,WoPPLeO0aK87MZ9zCO9yQylLaj8,Ugyr1TSeNMVx1CK_5r94AaABAg,UCeYSnd34IPe57sM8hkjWhrw,qSjSUN6Rxhk,"<a href=""https://www.youtube.com/watch?v=qSjSUN6Rxhk&amp;t=385"">6:25</a> Inicia<br><a href=""https://www.youtube.com/watch?v=qSjSUN6Rxhk&amp;t=535"">8:55</a> Desarrollo arquitect√≥nico<br><a href=""https://www.youtube.com/watch?v=qSjSUN6Rxhk&amp;t=1300"">21:40</a> Porque es del sol?<br><a href=""https://www.youtube.com/watch?v=qSjSUN6Rxhk&amp;t=2731"">45:31</a> Preguntas","6:25 Inicia
8:55 Desarrollo arquitect√≥nico
21:40 Porque es del sol?
45:31 Preguntas",@victorfernandogilcalderon6242,https://yt3.ggpht.com/ytc/AIdro_mS6L9rTinw6-pvtkl2fHU8-FPSjgoNXGGys8vGW-_ITw=s48-c-k-c0x00ffffff-no-rj,http://www.youtube.com/@victorfernandogilcalderon6242,UC_XTaP7e7GEki_dgCDZfW0A,True,none,0.0,2024-08-28T01:11:34Z,2024-08-28T01:51:05Z,True,0.0,True,,,,,,,,,,,,,
youtube#commentThread,Ol6a0HJ9slogIXwITiVDLLkd89g,UgwKLugMKg3TCbXgT5x4AaABAg,UCeYSnd34IPe57sM8hkjWhrw,qSjSUN6Rxhk,youtube#comment,8aBR0ivwYWfbdYixavI7bB_QPSk,UgwKLugMKg3TCbXgT5x4AaABAg,UCeYSnd34IPe57sM8hkjWhrw,qSjSUN6Rxhk,"Queremos todooooooo de Teotihuacan, ojala sea pronto üôà","Queremos todooooooo de Teotihuacan, ojala sea pronto üôà",@pamrl24,https://yt3.ggpht.com/TcS8Yah79r9rFRtLslrCJbAagCL7LB4k_CX_HqRKYTDYWajDZPHQ19X3P_YDf3EMls-BPAst=s48-c-k-c0x00ffffff-no-rj,http://www.youtube.com/@pamrl24,UCCR37xnLEhG80UHAlNB4dAQ,True,none,0.0,2024-08-23T05:02:53Z,2024-08-23T05:02:53Z,True,0.0,True,,,,,,,,,,,,,
youtube#commentThread,Ksm1BP0ZCDyJMLqWJvMpIt_ErdI,UgymkME8SCKSA2OQuIV4AaABAg,UCeYSnd34IPe57sM8hkjWhrw,qSjSUN6Rxhk,youtube#comment,dKRdVabwBwJBdg-0Sqz2W9vLlgY,UgymkME8SCKSA2OQuIV4AaABAg,UCeYSnd34IPe57sM8hkjWhrw,qSjSUN6Rxhk,Lo bueno es que no se sabe nada de los Teotihuacanos üòÖ,Lo bueno es que no se sabe nada de los Teotihuacanos üòÖ,@ivmarciott4695,https://yt3.ggpht.com/ytc/AIdro_mKrojca--bh6T1kP41dnZWFjEBed5ahFDPwFpTxICqGVs=s48-c-k-c0x00ffffff-no-rj,http://www.youtube.com/@ivmarciott4695,UCE4c_1LhjC2Re9pXZepXHHA,True,none,0.0,2024-08-09T20:48:46Z,2024-08-09T20:48:46Z,True,0.0,True,,,,,,,,,,,,,
youtube#commentThread,lZyqiIg2fBeMqwKhj2zHiqT17fA,UgyIqjXKI7MdR7WJ8H54AaABAg,UCeYSnd34IPe57sM8hkjWhrw,qSjSUN6Rxhk,youtube#comment,wfGyW0OUIxEJPz5odajWlwKcHwQ,UgyIqjXKI7MdR7WJ8H54AaABAg,UCeYSnd34IPe57sM8hkjWhrw,qSjSUN6Rxhk,"Son geniiales y ustedes hablando de phineas y ferb es mas genial, tambien me encanta la de ardillas por  doquier pero mi favorita es luchando con robots...","Son geniiales y ustedes hablando de phineas y ferb es mas genial, tambien me encanta la de ardillas por  doquier pero mi favorita es luchando con robots...",@celiamontiel2728,https://yt3.ggpht.com/ytc/AIdro_lChINaMGzuGgYEdxh2b3CDLHVRP0vOCNdungwimTXwMXnLgD61gOFh7OyoNaPYCYhBMA=s48-c-k-c0x00ffffff-no-rj,http://www.youtube.com/@celiamontiel2728,UCNKIG_SElIqKsZjXGpkigjQ,True,none,0.0,2024-07-13T17:24:09Z,2024-07-13T20:55:03Z,True,0.0,True,,,,,,,,,,,,,
youtube#commentThread,BfFFkTVFdoClIYd0y-nYpchwidw,UgxMLmVA4ACvmYc20Nd4AaABAg,UCeYSnd34IPe57sM8hkjWhrw,qSjSUN6Rxhk,youtube#comment,rW9PchOWXJwcx93mkh35N9ic0Ik,UgxMLmVA4ACvmYc20Nd4AaABAg,UCeYSnd34IPe57sM8hkjWhrw,qSjSUN6Rxhk,"Hahahahahahaha si hay algo chimba! Es fumarse un porro  y escuchar historia para tontos, hace que todos sus chistes tengan m√°s sentido!!! Los amo ‚ù§‚ù§‚ù§‚ù§","Hahahahahahaha si hay algo chimba! Es fumarse un porro  y escuchar historia para tontos, hace que todos sus chistes tengan m√°s sentido!!! Los amo ‚ù§‚ù§‚ù§‚ù§",@kmilamekno1074,https://yt3.ggpht.com/ytc/AIdro_lilzk2pKgR5jwH1vPZlKQD3i5v2OL0XxnI0vv83ZpoM4o=s48-c-k-c0x00ffffff-no-rj,http://www.youtube.com/@kmilamekno1074,UCGI-Svhl2yKFNoCj3UjgQ4w,True,none,1.0,2024-07-11T17:02:05Z,2024-07-11T17:02:05Z,True,0.0,True,,,,,,,,,,,,,
youtube#commentThread,FjvUNgGa1uBzkdS6BA9SFsQ3Q7g,UgyEfqYA3dcxZxl1dY54AaABAg,UCeYSnd34IPe57sM8hkjWhrw,qSjSUN6Rxhk,youtube#comment,bfqyfdOtUTNCOxNcDMMLKkfQ6V4,UgyEfqYA3dcxZxl1dY54AaABAg,UCeYSnd34IPe57sM8hkjWhrw,qSjSUN6Rxhk,Me encanta el chismecito previo al chismecito hist√≥rico.üòÇ‚ù§,Me encanta el chismecito previo al chismecito hist√≥rico.üòÇ‚ù§,@carolinachavez5747,https://yt3.ggpht.com/ytc/AIdro_kaVR9i-dtpHrmgVeLbIfJh3PSggAeeSHBkeFCAt8E2EA=s48-c-k-c0x00ffffff-no-rj,http://www.youtube.com/@carolinachavez5747,UC1FGTUWHTQA9p3wvnUXO5AQ,True,none,0.0,2024-07-06T04:57:26Z,2024-07-06T04:57:26Z,True,0.0,True,,,,,,,,,,,,,
youtube#commentThread,x4y1iNo8YVlfCfHRGFYoJGCnClU,Ugy3czwP2e88jiam4294AaABAg,UCeYSnd34IPe57sM8hkjWhrw,qSjSUN6Rxhk,youtube#comment,WxdS7hutSpdxpZjjGPzJKh47XuA,Ugy3czwP2e88jiam4294AaABAg,UCeYSnd34IPe57sM8hkjWhrw,qSjSUN6Rxhk,"Chingon, hablen de GUACHIMONTONES ZONA ARQUEOLOGICA EN GDL CON ESTRUCTURAS CIRCULARES","Chingon, hablen de GUACHIMONTONES ZONA ARQUEOLOGICA EN GDL CON ESTRUCTURAS CIRCULARES",@adanflores8711,https://yt3.ggpht.com/ytc/AIdro_kToWTo9cfPIW0F1gnatUSdIPwNLaYbQJZbOoILPNY=s48-c-k-c0x00ffffff-no-rj,http://www.youtube.com/@adanflores8711,UC80uODVSVMjeJuBWgVHsm8w,True,none,0.0,2024-07-04T17:05:15Z,2024-07-04T17:05:15Z,True,0.0,True,,,,,,,,,,,,,
youtube#commentThread,-TVvVvhJlmZL5e41vWlXpOQl4JI,UgxxksqJGOyxYwNlZ-F4AaABAg,UCeYSnd34IPe57sM8hkjWhrw,qSjSUN6Rxhk,youtube#comment,g4jUtWOqveDA0GwcA18tdoALW4k,UgxxksqJGOyxYwNlZ-F4AaABAg,UCeYSnd34IPe57sM8hkjWhrw,qSjSUN6Rxhk,"En el minuto <a href=""https://www.youtube.com/watch?v=qSjSUN6Rxhk&amp;t=1503"">25:03</a> dice que deber√≠an ser 365 escalones por cada d√≠a del a√±o pero en ese tiempo a√∫n no se establec√≠ cu√°ntos d√≠as tiene un a√±o, como sab√≠an ellos que deber√≠an de ser 365?","En el minuto 25:03 dice que deber√≠an ser 365 escalones por cada d√≠a del a√±o pero en ese tiempo a√∫n no se establec√≠ cu√°ntos d√≠as tiene un a√±o, como sab√≠an ellos que deber√≠an de ser 365?",@azucenamarquez6948,https://yt3.ggpht.com/5mx1khN6G2RVTRHz-y6brVi7Dm4ztZFnYI5KNft2qyhz1O8Frd2uo95qBw5oTvzZmd_Xc0SKsA=s48-c-k-c0x00ffffff-no-rj,http://www.youtube.com/@azucenamarquez6948,UCVWowv6YtJhy5JksHNBncww,True,none,0.0,2024-06-29T00:01:18Z,2024-06-29T00:01:18Z,True,1.0,True,"[{'kind': 'youtube#comment', 'etag': 'YW1Y8iZfWcSTmvBtoTsbMW8jEsQ', 'id': 'UgxxksqJGOyxYwNlZ-F4AaABAg.A5FL_skGLstA77qyJh-p8w', 'snippet': {'channelId': 'UCeYSnd34IPe57sM8hkjWhrw', 'videoId': 'qSjSUN6Rxhk', 'textDisplay': 'Porque ese saber no era exclusivo de Europa, aqu√≠ tambi√©n ten√≠amos astr√≥nomos y usaban calendarios m√°s exactos', 'textOriginal': 'Porque ese saber no era exclusivo de Europa, aqu√≠ tambi√©n ten√≠amos astr√≥nomos y usaban calendarios m√°s exactos', 'parentId': 'UgxxksqJGOyxYwNlZ-F4AaABAg', 'authorDisplayName': '@gerardomarin3704', 'authorProfileImageUrl': 'https://yt3.ggpht.com/ytc/AIdro_llsVXXNftH3IeJbqvGiarCVgu80IyChxSps7u5X2xSosc=s48-c-k-c0x00ffffff-no-rj', 'authorChannelUrl': 'http://www.youtube.com/@gerardomarin3704', 'authorChannelId': {'value': 'UCSx1Rju_L2MpgAxcmxgSmNg'}, 'canRate': True, 'viewerRating': 'none', 'likeCount': 1, 'publishedAt': '2024-08-14T19:13:07Z', 'updatedAt': '2024-08-14T19:13:33Z'}}]",,,,,,,,,,,,
youtube#commentThread,EU3y6SBssUU-8QP1vtx_kX0wUkk,UgwPOpojckZ8o7xAv-x4AaABAg,UCeYSnd34IPe57sM8hkjWhrw,qSjSUN6Rxhk,youtube#comment,ZANZSJiTzU5de_zuk2p3GP9wFRE,UgwPOpojckZ8o7xAv-x4AaABAg,UCeYSnd34IPe57sM8hkjWhrw,qSjSUN6Rxhk,Los anunnakis vienen de las Pleiades. No se si lo mencionan luego apenas voy por el min 15,Los anunnakis vienen de las Pleiades. No se si lo mencionan luego apenas voy por el min 15,@franco76r,https://yt3.ggpht.com/ytc/AIdro_kYohpF1hMy7pyDG0p2wjXeBRF0HpKgbON2UVFxDnK1jCo=s48-c-k-c0x00ffffff-no-rj,http://www.youtube.com/@franco76r,UCZoFQoHte5oM_gvcYvBqgCw,True,none,0.0,2024-06-27T04:04:03Z,2024-06-27T04:04:03Z,True,0.0,True,,,,,,,,,,,,,
youtube#commentThread,gSkVszlwnfPdfVBASQnOaCklRKE,UgzFWtZYNaw7hTtJFYZ4AaABAg,UCeYSnd34IPe57sM8hkjWhrw,qSjSUN6Rxhk,youtube#comment,sS1HRNhSKZRpyeRMhmgjQ4gmdT0,UgzFWtZYNaw7hTtJFYZ4AaABAg,UCeYSnd34IPe57sM8hkjWhrw,qSjSUN6Rxhk,"Por favor un podcast de San Agust√≠n Huila Colombia, Tierradentro Cauca","Por favor un podcast de San Agust√≠n Huila Colombia, Tierradentro Cauca",@Foyatan,https://yt3.ggpht.com/ytc/AIdro_miY3152Tczrm9mD_y1lYVCxo5P-0qDKcJ_crk7yRdPeQ=s48-c-k-c0x00ffffff-no-rj,http://www.youtube.com/@Foyatan,UCfVfq0wZr92nLoBB9NOf1yQ,True,none,0.0,2024-06-25T20:04:56Z,2024-06-25T20:04:56Z,True,0.0,True,,,,,,,,,,,,,
youtube#commentThread,LJ_B0w0pc1BfEvc1GLdYIfKna2I,UgxNkSdLgKjHfPClmYR4AaABAg,UCeYSnd34IPe57sM8hkjWhrw,qSjSUN6Rxhk,youtube#comment,srDxJrbV6FkozAZlsRSuHlct4sE,UgxNkSdLgKjHfPClmYR4AaABAg,UCeYSnd34IPe57sM8hkjWhrw,qSjSUN6Rxhk,Un video dedicado a la cultura Huasteca por favor!! üòé,Un video dedicado a la cultura Huasteca por favor!! üòé,@hectorefrainhardwellmancil8726,https://yt3.ggpht.com/ytc/AIdro_nt6scajPVlddhhHZd9TwV3A5VjENGe_IZEWE0jn25BmQ=s48-c-k-c0x00ffffff-no-rj,http://www.youtube.com/@hectorefrainhardwellmancil8726,UCyL4GkKLcLY474-sVaB7o9A,True,none,0.0,2024-06-25T19:22:27Z,2024-06-25T19:22:27Z,True,0.0,True,,,,,,,,,,,,,
youtube#commentThread,T5AUf2098330CPAfMm12kORAiTc,UgzHTIp2YdcVZFe71bF4AaABAg,UCeYSnd34IPe57sM8hkjWhrw,qSjSUN6Rxhk,youtube#comment,l4oegIWnLurv-76Z-C1G1IMN-Rg,UgzHTIp2YdcVZFe71bF4AaABAg,UCeYSnd34IPe57sM8hkjWhrw,qSjSUN6Rxhk,¬øY los shownotes de la parte 1 y 2?,¬øY los shownotes de la parte 1 y 2?,@JoseLuisLozanoAlberu,https://yt3.ggpht.com/ytc/AIdro_kvlt40bMazKWZHSmisfoktJVDG26WKImMeDDoatr1WBfQ=s48-c-k-c0x00ffffff-no-rj,http://www.youtube.com/@JoseLuisLozanoAlberu,UCcgBd_iWhBlDewCB_V_2fxg,True,none,0.0,2024-06-25T18:05:22Z,2024-06-25T18:05:22Z,True,0.0,True,,,,,,,,,,,,,
youtube#commentThread,33_tqB-_S95O2iZBqqLEMqh-6z0,UgxkVYg05Z-8mOajGGx4AaABAg,UCeYSnd34IPe57sM8hkjWhrw,qSjSUN6Rxhk,youtube#comment,vnJxLSR_mwvpsSuacypr1sgchxY,UgxkVYg05Z-8mOajGGx4AaABAg,UCeYSnd34IPe57sM8hkjWhrw,qSjSUN6Rxhk,Estaria chido que invitaran al Doctor Ricardo Stern la neta harian buen match,Estaria chido que invitaran al Doctor Ricardo Stern la neta harian buen match,@famoso182rob,https://yt3.ggpht.com/ytc/AIdro_mGaU09g-qNEt3ovKatTA6WxbRsrFxMyls75FdIIvzg4OA=s48-c-k-c0x00ffffff-no-rj,http://www.youtube.com/@famoso182rob,UCB8zr418pFMjE7C1FR6ZaIQ,True,none,0.0,2024-06-23T20:48:54Z,2024-06-23T20:48:54Z,True,0.0,True,,,,,,,,,,,,,
youtube#commentThread,kFz_aNG8aWI_-ZOuv6tmWG-HJ-A,UgzboAs1PSMCWpneJDN4AaABAg,UCeYSnd34IPe57sM8hkjWhrw,qSjSUN6Rxhk,youtube#comment,Uz3K0FYPdLndhbyvgS-zNv-DNP0,UgzboAs1PSMCWpneJDN4AaABAg,UCeYSnd34IPe57sM8hkjWhrw,qSjSUN6Rxhk,Carnales saquen un programa sobre Huellatlaco y todo sobre los descubrimientos del Valsequillo que parece ser los acentamientos humanos m√°s antiguos del continente desde los incre√≠bles 250 mil a√±os hasta 40 mil y todo sobre las investigaciones muy rigurosas que se han echo por fa saludos,Carnales saquen un programa sobre Huellatlaco y todo sobre los descubrimientos del Valsequillo que parece ser los acentamientos humanos m√°s antiguos del continente desde los incre√≠bles 250 mil a√±os hasta 40 mil y todo sobre las investigaciones muy rigurosas que se han echo por fa saludos,@josemanuellaramonrreal8739,https://yt3.ggpht.com/ytc/AIdro_l7jJ-TULIaWcjq5Vw1M_PgL5cpFYcFmUi7NoBRkXw9X1I=s48-c-k-c0x00ffffff-no-rj,http://www.youtube.com/@josemanuellaramonrreal8739,UCsG8ZFIrEEWdXRzKUi_IuZg,True,none,0.0,2024-06-22T21:20:21Z,2024-06-22T21:20:21Z,True,0.0,True,,,,,,,,,,,,,
youtube#commentThread,30JxNRIoJ68Glrvt35Rc1p8_A4Q,Ugz2z48NJMbXPBtVZOV4AaABAg,UCeYSnd34IPe57sM8hkjWhrw,qSjSUN6Rxhk,youtube#comment,meWy19N35FehtSJdr2c6CCWYi-E,Ugz2z48NJMbXPBtVZOV4AaABAg,UCeYSnd34IPe57sM8hkjWhrw,qSjSUN6Rxhk,Estoy para el tour,Estoy para el tour,@mareygoldaraz,https://yt3.ggpht.com/ytc/AIdro_kRSpf5NeAk7T1TMxhR5ttqRpWcg6zuZV-MPxnPMPNTuhTQ=s48-c-k-c0x00ffffff-no-rj,http://www.youtube.com/@mareygoldaraz,UCK1sXIrBsZNGi2N5cUN-YCg,True,none,0.0,2024-06-21T19:10:54Z,2024-06-21T19:10:54Z,True,0.0,True,,,,,,,,,,,,,
youtube#commentThread,9qHDmhbTxaS-YsLxvj311durQmc,Ugz3bfK22wQ9hiiqyNd4AaABAg,UCeYSnd34IPe57sM8hkjWhrw,qSjSUN6Rxhk,youtube#comment,gTlvPrh0vDtK7k2e5WWisXa3qyY,Ugz3bfK22wQ9hiiqyNd4AaABAg,UCeYSnd34IPe57sM8hkjWhrw,qSjSUN6Rxhk,Q Teka se saque el tekesito,Q Teka se saque el tekesito,@josueestrada6170,https://yt3.ggpht.com/ytc/AIdro_mMN3EMPm3ViIafObzQnzC8O-X7tVuKqE_Vp7Z081tOIcQD=s48-c-k-c0x00ffffff-no-rj,http://www.youtube.com/@josueestrada6170,UCxtF5gYfOjiAI57jnYUZPwQ,True,none,0.0,2024-06-20T23:07:48Z,2024-06-20T23:08:55Z,True,0.0,True,,,,,,,,,,,,,
youtube#commentThread,aHeCgd3gxk97oiwQm10j-PCFBuc,UgzA5agEEc0p5LRFcYF4AaABAg,UCeYSnd34IPe57sM8hkjWhrw,qSjSUN6Rxhk,youtube#comment,_7vowsqlOtRbemVcVpLTN91SaPU,UgzA5agEEc0p5LRFcYF4AaABAg,UCeYSnd34IPe57sM8hkjWhrw,qSjSUN6Rxhk,"La emoci√≥n de Teka es lo m√°ximo en este capitulo, saludos desde Colombia","La emoci√≥n de Teka es lo m√°ximo en este capitulo, saludos desde Colombia",@sandracaicedo6170,https://yt3.ggpht.com/ytc/AIdro_kHxUzmLh4dsnpMcp2qDNvgNax1rkVH9YSIFuWJQgU2dcY=s48-c-k-c0x00ffffff-no-rj,http://www.youtube.com/@sandracaicedo6170,UChFwtlw93V7dsk7eXaHwu4g,True,none,1.0,2024-06-20T21:18:03Z,2024-06-20T21:18:03Z,True,0.0,True,,,,,,,,,,,,,
youtube#commentThread,vdND8zPG3F0ESJuyHuVmPCfeAi4,Ugy3MI1s_QZVKuusB2B4AaABAg,UCeYSnd34IPe57sM8hkjWhrw,qSjSUN6Rxhk,youtube#comment,N3iYL2yNLg1ah0nNAyBWS3rra1M,Ugy3MI1s_QZVKuusB2B4AaABAg,UCeYSnd34IPe57sM8hkjWhrw,qSjSUN6Rxhk,"Me encanta la emoci√≥n de Teka al hablar de este tema,hagan m√°s cap√≠tulos de arqueolog√≠a prehisp√°nicaüôà","Me encanta la emoci√≥n de Teka al hablar de este tema,hagan m√°s cap√≠tulos de arqueolog√≠a prehisp√°nicaüôà",@mangie-ee9ri,https://yt3.ggpht.com/Y9mKzv8QN3fLM6TRvA3t_69IkgWVKHecTOrbcWQQaFyzFOkb8x3r4r5to0-hkqblrUTB-t9YmQ=s48-c-k-c0x00ffffff-no-rj,http://www.youtube.com/@mangie-ee9ri,UCbwD3sOoRpA1LlfHRG_Epmw,True,none,1.0,2024-06-20T19:02:13Z,2024-06-20T19:02:13Z,True,0.0,True,,,,,,,,,,,,,
youtube#commentThread,mhDjmbYlyAS0T6leSCyjIahyIKo,UgxsUkLmCKWCIiYNECF4AaABAg,UCeYSnd34IPe57sM8hkjWhrw,qSjSUN6Rxhk,youtube#comment,qeN-7J-tQst_iNZiXwu15nYNrDA,UgxsUkLmCKWCIiYNECF4AaABAg,UCeYSnd34IPe57sM8hkjWhrw,qSjSUN6Rxhk,"Excelente como siempre, dos preguntas:<br>¬øPor qu√© eliminaron el anterior eslogan &quot;si no te gusta la historia es porque te la ense√±aron mal&quot;?<br><br>¬øPara cu√°ndo el revanp de la carrera espacial? üò¢üò¢üò¢","Excelente como siempre, dos preguntas:
¬øPor qu√© eliminaron el anterior eslogan ""si no te gusta la historia es porque te la ense√±aron mal""?

¬øPara cu√°ndo el revanp de la carrera espacial? üò¢üò¢üò¢",@gustavoangeles8064,https://yt3.ggpht.com/ytc/AIdro_nSlsVNumrZjS2aZVWmpYCelgiQ4nD_svCydIMUSXH872w=s48-c-k-c0x00ffffff-no-rj,http://www.youtube.com/@gustavoangeles8064,UCUh8jCHZUtrieU1XwqT8bBQ,True,none,0.0,2024-06-20T12:45:28Z,2024-06-20T12:45:28Z,True,0.0,True,,,,,,,,,,,,,
youtube#commentThread,Iy5OuDgSQ0OfIFwkQcO0vmehDJY,UgwvRkLNJOI8YLDIl-x4AaABAg,UCeYSnd34IPe57sM8hkjWhrw,qSjSUN6Rxhk,youtube#comment,weWfBfx7DhmVySzJGdxK04SCvEc,UgwvRkLNJOI8YLDIl-x4AaABAg,UCeYSnd34IPe57sM8hkjWhrw,qSjSUN6Rxhk,Cada cuando son los lives quiero verlo en vivo,Cada cuando son los lives quiero verlo en vivo,@olivoek4943,https://yt3.ggpht.com/ytc/AIdro_kUpev3UoxeMEST6HoCvjFH_DgpCCzbrQK_oNUjTkthH2-WV5A-n1zN2EavYE8xZ7xOFQ=s48-c-k-c0x00ffffff-no-rj,http://www.youtube.com/@olivoek4943,UC4fA8M7r-SPeyvI5zLhmbVQ,True,none,0.0,2024-06-20T05:23:59Z,2024-06-20T05:23:59Z,True,0.0,True,,,,,,,,,,,,,
youtube#commentThread,1wf_EJTWh0kyol4oJLqRfFELeyo,UgwVh3i-iZ27jaWEC694AaABAg,UCeYSnd34IPe57sM8hkjWhrw,qSjSUN6Rxhk,youtube#comment,8S2iC1dw-YA0wApRd8F1BiqkmRU,UgwVh3i-iZ27jaWEC694AaABAg,UCeYSnd34IPe57sM8hkjWhrw,qSjSUN6Rxhk,No estoy tan feliz. sacan uno tras el otro de algo super mexicano y se demoran 100 cap√≠tulos para sacar imperio japon√©s que es algo m√°s interesante para sus escuchas fuera de M√©xico. Adem√°s la parte 3 del imperio japon√©s solo ue el recap de la parte 1 y 2. Tratemos mejor a los del resto de LATAM. Tambi√©n creo qesta pendiente napolenos segunda parte,No estoy tan feliz. sacan uno tras el otro de algo super mexicano y se demoran 100 cap√≠tulos para sacar imperio japon√©s que es algo m√°s interesante para sus escuchas fuera de M√©xico. Adem√°s la parte 3 del imperio japon√©s solo ue el recap de la parte 1 y 2. Tratemos mejor a los del resto de LATAM. Tambi√©n creo qesta pendiente napolenos segunda parte,@diegofernandovela,https://yt3.ggpht.com/ytc/AIdro_kLbtmwRyxB-gToEtg-GWBVa-_Tj8qqQ0PfX6NHNA=s48-c-k-c0x00ffffff-no-rj,http://www.youtube.com/@diegofernandovela,UCms0rVemnRAMqmd0p5eb-vg,True,none,0.0,2024-06-20T04:02:29Z,2024-06-20T04:02:29Z,True,0.0,True,,,,,,,,,,,,,
youtube#commentThread,pNDfL42pA1WP7fsjHt9ua8USg0o,UgzzahCiMt93UjZCQ7R4AaABAg,UCeYSnd34IPe57sM8hkjWhrw,qSjSUN6Rxhk,youtube#comment,kEH0cJowUOb3sMeyfrkmyF1w7nU,UgzzahCiMt93UjZCQ7R4AaABAg,UCeYSnd34IPe57sM8hkjWhrw,qSjSUN6Rxhk,"Holis, solo para corregir la pronunciaci√≥n de la diosa de la dualidad de Tlaloc, es Chalchiuhtlicue","Holis, solo para corregir la pronunciaci√≥n de la diosa de la dualidad de Tlaloc, es Chalchiuhtlicue",@Juliecapuleto,https://yt3.ggpht.com/3CAD_pZI6oa9JZXi-hNbbG-DD6fffQ_ad6oc0Wkgn6K7E430pCCbNTeNDSz2tQLxVhvk5zoC=s48-c-k-c0x00ffffff-no-rj,http://www.youtube.com/@Juliecapuleto,UCuM0EUE9RxOsQewhbquAfQw,True,none,1.0,2024-06-19T22:31:11Z,2024-06-19T22:31:11Z,True,0.0,True,,,,,,,,,,,,,
youtube#commentThread,_d0PZhP6NAv-IIRY1av0-51miGA,UgwBEXcD_PhoA-aykaJ4AaABAg,UCeYSnd34IPe57sM8hkjWhrw,qSjSUN6Rxhk,youtube#comment,5a7JyH1r1EZD9u5kgUzQy6TLv_w,UgwBEXcD_PhoA-aykaJ4AaABAg,UCeYSnd34IPe57sM8hkjWhrw,qSjSUN6Rxhk,"A mi me encanta el intro de phibeas y ferb, y no se por que me viene siempre a la mente la de la alfombra a√©rea. Porque cambia tu vista del √°rea si en la alfombra a√©rea vas.üòä","A mi me encanta el intro de phibeas y ferb, y no se por que me viene siempre a la mente la de la alfombra a√©rea. Porque cambia tu vista del √°rea si en la alfombra a√©rea vas.üòä",@musicodesconocido,https://yt3.ggpht.com/6d9wkRzKT_0h46LyR8D8_i8aCMPrqzYxBdsG2WlICSQZYb0xyqrQobjTpXiS0ylyyyESuNyQhcs=s48-c-k-c0x00ffffff-no-rj,http://www.youtube.com/@musicodesconocido,UCRV6qG5h6C4PmMn1qtE-Z1Q,True,none,0.0,2024-06-19T20:03:20Z,2024-06-19T20:03:20Z,True,0.0,True,,,,,,,,,,,,,
youtube#commentThread,NTujOhKBXEWAL2uTM-MfiRRYFdY,UgzQ_lUq1_aqrH4qiVN4AaABAg,UCeYSnd34IPe57sM8hkjWhrw,qSjSUN6Rxhk,youtube#comment,ouaKe43aeyR9XyHNeN-G7yL8ZSU,UgzQ_lUq1_aqrH4qiVN4AaABAg,UCeYSnd34IPe57sM8hkjWhrw,qSjSUN6Rxhk,"Hasta yo me enoje cuando menciono al museo brit√°nico, que seg√∫n Wikipedia se lo ofrecieron al museo nacional y no pudieron comprarlo y lo vendieron a un viajero ingl√©s y lo vendi√≥ al museo brit√°nico; a mi me huele a falso üòÇ","Hasta yo me enoje cuando menciono al museo brit√°nico, que seg√∫n Wikipedia se lo ofrecieron al museo nacional y no pudieron comprarlo y lo vendieron a un viajero ingl√©s y lo vendi√≥ al museo brit√°nico; a mi me huele a falso üòÇ",@imlouv,https://yt3.ggpht.com/ytc/AIdro_kVumPMKCVN8b6kPgHhEm00ZskdcHAIYQsBlFRXZ2CC3wo=s48-c-k-c0x00ffffff-no-rj,http://www.youtube.com/@imlouv,UCtc9lqmgZqVjrbF1NEbsd1A,True,none,0.0,2024-06-19T15:21:48Z,2024-06-19T15:21:48Z,True,0.0,True,,,,,,,,,,,,,
youtube#commentThread,dm-fNZ_OHEqgacyF0e7W_FU7pRw,Ugx3TD9NudMAHe63IFN4AaABAg,UCeYSnd34IPe57sM8hkjWhrw,qSjSUN6Rxhk,youtube#comment,O6wFgl3GrIeOjemYXwX_ig7DIko,Ugx3TD9NudMAHe63IFN4AaABAg,UCeYSnd34IPe57sM8hkjWhrw,qSjSUN6Rxhk,"Weeeeeey!!!<br>Adoro su podcast, hubiera sido genial tener un maestro as√≠ en la escuela, por favor hagan un v√≠deo de la ca√≠da de Constantinopla üòä","Weeeeeey!!!
Adoro su podcast, hubiera sido genial tener un maestro as√≠ en la escuela, por favor hagan un v√≠deo de la ca√≠da de Constantinopla üòä",@mariup6128,https://yt3.ggpht.com/-obHzGGsN9Gb3FwAM7mosEO22vyvUXyH5C5Iq-luPfiLPnLsqJBznIj3-VOHQuDR4ObdI-ldug=s48-c-k-c0x00ffffff-no-rj,http://www.youtube.com/@mariup6128,UCEVcZpZzS-s17gf_9Ln2dRg,True,none,4.0,2024-06-19T06:32:49Z,2024-06-19T06:32:49Z,True,0.0,True,,,,,,,,,,,,,
youtube#commentThread,mWyTs4EpQ0rNq1ixTL74l6a_8cY,UgwK4cTf36hf_-MK1dZ4AaABAg,UCeYSnd34IPe57sM8hkjWhrw,qSjSUN6Rxhk,youtube#comment,YUtxkryhtLBsQOvGnYJCNJfKuOQ,UgwK4cTf36hf_-MK1dZ4AaABAg,UCeYSnd34IPe57sM8hkjWhrw,qSjSUN6Rxhk,Cuando son los rosarios de Mitolog√≠a para tontos?üò¢,Cuando son los rosarios de Mitolog√≠a para tontos?üò¢,@johanmontiel4836,https://yt3.ggpht.com/ytc/AIdro_n3ivRciL1FFjjaYzrUsSx00OqkPf901ZQLtn2NsxqlS1I=s48-c-k-c0x00ffffff-no-rj,http://www.youtube.com/@johanmontiel4836,UCigaZ-V3shrN-8_I0vieX7A,True,none,0.0,2024-06-19T06:04:19Z,2024-06-19T06:04:19Z,True,0.0,True,,,,,,,,,,,,,
youtube#commentThread,ZBCw9Ia2FjtrUcZkYNHHeq7kjwQ,UgyLJV_lViIJGUDRuER4AaABAg,UCeYSnd34IPe57sM8hkjWhrw,qSjSUN6Rxhk,youtube#comment,mlZMRR1q557bEN9op01xqUh3AVM,UgyLJV_lViIJGUDRuER4AaABAg,UCeYSnd34IPe57sM8hkjWhrw,qSjSUN6Rxhk,CHICOOOOOOOOOS..... reportandome ahora en youtube..... seguidora desde el capitulo 1.....me hacen el dia cuando sacan capitulo.... adoro reir por sus ocurrencias y siempre me indigno cuando ofenden a Toluca o a Metepec....je je je ...luego se me olvida por que soy su fan!,CHICOOOOOOOOOS..... reportandome ahora en youtube..... seguidora desde el capitulo 1.....me hacen el dia cuando sacan capitulo.... adoro reir por sus ocurrencias y siempre me indigno cuando ofenden a Toluca o a Metepec....je je je ...luego se me olvida por que soy su fan!,@jessicanq1459,https://yt3.ggpht.com/ytc/AIdro_lgtQx-L3sDzsW8WG5y4qcQ3H6YpM2vnpv66Ie89NtbVQ=s48-c-k-c0x00ffffff-no-rj,http://www.youtube.com/@jessicanq1459,UCMQNSX21vOt3pfvLvPP7nEg,True,none,1.0,2024-06-19T03:47:40Z,2024-06-19T03:47:40Z,True,0.0,True,,,,,,,,,,,,,
youtube#commentThread,bepZQSnBXwwT1rNVBQur7KK3rIA,Ugwrj7ZoA3af5_uPy6J4AaABAg,UCeYSnd34IPe57sM8hkjWhrw,qSjSUN6Rxhk,youtube#comment,cKFrQIG46M7zXQJuPcIw02K7VV0,Ugwrj7ZoA3af5_uPy6J4AaABAg,UCeYSnd34IPe57sM8hkjWhrw,qSjSUN6Rxhk,El mundo:&quot;No s√© sabe nada de Teotihuac√°n&quot;<br>El Teka y el Iker:&quot; haguemosle 2do capitulo a esta madre&quot;,"El mundo:""No s√© sabe nada de Teotihuac√°n""
El Teka y el Iker:"" haguemosle 2do capitulo a esta madre""",@felipealiaga4832,https://yt3.ggpht.com/ytc/AIdro_l3__-T4gfbFvtHjNV0ETSyh8l7ao5baPNpQYFbyrc8Hk8=s48-c-k-c0x00ffffff-no-rj,http://www.youtube.com/@felipealiaga4832,UC4u2dU4gqLGa_6_1QrQI9Aw,True,none,0.0,2024-06-19T01:49:04Z,2024-06-19T01:49:04Z,True,0.0,True,,,,,,,,,,,,,
youtube#commentThread,E6COSoD4k-9tvTTL5nCEYUahZYM,Ugyo4yhTM3Im3W-GveZ4AaABAg,UCeYSnd34IPe57sM8hkjWhrw,qSjSUN6Rxhk,youtube#comment,C6cqScFfDrKl-iyNzMPbdzb5bcs,Ugyo4yhTM3Im3W-GveZ4AaABAg,UCeYSnd34IPe57sM8hkjWhrw,qSjSUN6Rxhk,Ahora si cumplieron con subir en lunes,Ahora si cumplieron con subir en lunes,@YamilOrtega-rl9vb,https://yt3.ggpht.com/ytc/AIdro_lk8UN6Sm2yXevei5XBZ0muyiJhvTS1zIloiZrEPT_2wh0ZN2PNXNrKYz2OHyMARUfXcg=s48-c-k-c0x00ffffff-no-rj,http://www.youtube.com/@YamilOrtega-rl9vb,UCmrcWiAjbTFmlwO_6iUUOGQ,True,none,0.0,2024-06-18T21:19:00Z,2024-06-18T21:19:00Z,True,0.0,True,,,,,,,,,,,,,
youtube#commentThread,3L5IOSV1SReMOWj_Y1MEGt_B6k8,UgznlLS90oFOiBPVg9F4AaABAg,UCeYSnd34IPe57sM8hkjWhrw,qSjSUN6Rxhk,youtube#comment,9RXRN_S-0uAuFfXZdVEbYyKdSK8,UgznlLS90oFOiBPVg9F4AaABAg,UCeYSnd34IPe57sM8hkjWhrw,qSjSUN6Rxhk,genial episodio quiero 20 episodios alv,genial episodio quiero 20 episodios alv,@VictorAdad,https://yt3.ggpht.com/ytc/AIdro_nie7_NpqxN7Tlb4GEyZyp2X-uUROWX_u-2Dbffc8f6hvlX=s48-c-k-c0x00ffffff-no-rj,http://www.youtube.com/@VictorAdad,UCgoUUVzHMvcrAJ0_EOSWCtw,True,none,0.0,2024-06-18T19:47:50Z,2024-06-18T19:47:50Z,True,0.0,True,,,,,,,,,,,,,
youtube#commentThread,wB7Cgjz51dR7hnj5YhCAeS13R9s,UgyquWoQxcfww4MAzbh4AaABAg,UCeYSnd34IPe57sM8hkjWhrw,qSjSUN6Rxhk,youtube#comment,evXtUPvKIsZw_PZQHgYWBWVGj6g,UgyquWoQxcfww4MAzbh4AaABAg,UCeYSnd34IPe57sM8hkjWhrw,qSjSUN6Rxhk,"Este podcast es como una m√°quina del tiempo, pero sin la necesidad de abrocharse el cintur√≥n de seguridad. !Fan de su trabajo como siempre! Este podcast es como tener una clase de historia en Stand-up Comedy Central :)","Este podcast es como una m√°quina del tiempo, pero sin la necesidad de abrocharse el cintur√≥n de seguridad. !Fan de su trabajo como siempre! Este podcast es como tener una clase de historia en Stand-up Comedy Central :)",@PaulaPadillaSanchez,https://yt3.ggpht.com/ytc/AIdro_kumUAO-vDqQ2LEQWnE98-Xq0zXVpU65GxPkF_IPO9-vNgWNB8GdeOI-ErUh6jDMTWOLQ=s48-c-k-c0x00ffffff-no-rj,http://www.youtube.com/@PaulaPadillaSanchez,UCd5t_5rExmrpluj-QVrAxeA,True,none,0.0,2024-06-18T15:49:02Z,2024-06-18T15:49:02Z,True,0.0,True,,,,,,,,,,,,,
youtube#commentThread,RRKSCz1P2icbkWRoph2eywnWBzA,Ugyw3oOhcIC56h0I2Hd4AaABAg,UCeYSnd34IPe57sM8hkjWhrw,qSjSUN6Rxhk,youtube#comment,QNtwExLVZk5s8wzqEA-tjv17WBY,Ugyw3oOhcIC56h0I2Hd4AaABAg,UCeYSnd34IPe57sM8hkjWhrw,qSjSUN6Rxhk,Yo si jalo al tour!!!!,Yo si jalo al tour!!!!,@psychodrums8138,https://yt3.ggpht.com/ytc/AIdro_mRqAUJpSh7gplyCrmkT3n8uRVZ9or1vrMVoaj_7CUUbQ=s48-c-k-c0x00ffffff-no-rj,http://www.youtube.com/@psychodrums8138,UCVDG_bCfNPV51JzLT7uW_Fw,True,none,1.0,2024-06-18T14:56:36Z,2024-06-18T14:56:36Z,True,0.0,True,,,,,,,,,,,,,
youtube#commentThread,Z6pSMORx7pFF2mZPe_dmR46OSLo,UgxU2CexVTXu7eX0QA54AaABAg,UCeYSnd34IPe57sM8hkjWhrw,qSjSUN6Rxhk,youtube#comment,7qCUmtnGN0WAEjKScDAhZ4vpLu8,UgxU2CexVTXu7eX0QA54AaABAg,UCeYSnd34IPe57sM8hkjWhrw,qSjSUN6Rxhk,"ChIcos, ¬øqu√© opinan de la teor√≠a de Graham Hancok?","ChIcos, ¬øqu√© opinan de la teor√≠a de Graham Hancok?",@anakarenminjarez9354,https://yt3.ggpht.com/ytc/AIdro_li0yM6cYLIOWjD11MRFrJBTyO1UpGuxl0HXyI_Shaix_AohWC1X6iVYA2plRVEmtsyaw=s48-c-k-c0x00ffffff-no-rj,http://www.youtube.com/@anakarenminjarez9354,UCxMjm8WgM3I1CqNmvqp21Ig,True,none,0.0,2024-06-18T13:20:50Z,2024-06-18T13:20:50Z,True,0.0,True,,,,,,,,,,,,,
youtube#commentThread,_YQ0tGf6QRKDC8iSFzj2qnLv7TE,UgybAXWlqJJS8YpbJxt4AaABAg,UCeYSnd34IPe57sM8hkjWhrw,qSjSUN6Rxhk,youtube#comment,PBAyuAhXyXiV_n0nMCux4sEeDrM,UgybAXWlqJJS8YpbJxt4AaABAg,UCeYSnd34IPe57sM8hkjWhrw,qSjSUN6Rxhk,Teotihuac√°n pt 3!!!! porfis,Teotihuac√°n pt 3!!!! porfis,@anakarenminjarez9354,https://yt3.ggpht.com/ytc/AIdro_li0yM6cYLIOWjD11MRFrJBTyO1UpGuxl0HXyI_Shaix_AohWC1X6iVYA2plRVEmtsyaw=s48-c-k-c0x00ffffff-no-rj,http://www.youtube.com/@anakarenminjarez9354,UCxMjm8WgM3I1CqNmvqp21Ig,True,none,2.0,2024-06-18T13:20:04Z,2024-06-18T13:20:04Z,True,0.0,True,,,,,,,,,,,,,
youtube#commentThread,d4Eb-rsVhdsg2B-jTwqMJb_dyhs,UgyJoi30in5tRzaVvOd4AaABAg,UCeYSnd34IPe57sM8hkjWhrw,qSjSUN6Rxhk,youtube#comment,7OVsRAfkCfKIYSuYEyruwVe2clA,UgyJoi30in5tRzaVvOd4AaABAg,UCeYSnd34IPe57sM8hkjWhrw,qSjSUN6Rxhk,Muy buen cap√≠tulo üòÅ ah c√≥mo me hacen re√≠r.<br>Bendiciones üôèüèªüíï,"Muy buen cap√≠tulo üòÅ ah c√≥mo me hacen re√≠r.
Bendiciones üôèüèªüíï",@gris2409,https://yt3.ggpht.com/9r2pypvik1f48O1wU9Jkz7znDNANJk9PUDeUTTCrgurhfrLVx5GcNHCTKnCY-1yVswA7R0Hr_g=s48-c-k-c0x00ffffff-no-rj,http://www.youtube.com/@gris2409,UCsdS0hdWk9pA9xvT-rfKbQQ,True,none,0.0,2024-06-18T09:07:06Z,2024-06-18T09:07:06Z,True,0.0,True,,,,,,,,,,,,,
youtube#commentThread,GQgJbijehWa62dWUmXH0QMQRuMA,UgwriHPih8jfrBhm6yp4AaABAg,UCeYSnd34IPe57sM8hkjWhrw,qSjSUN6Rxhk,youtube#comment,Ym4di6okZw40HXMwOp4tbEsGavI,UgwriHPih8jfrBhm6yp4AaABAg,UCeYSnd34IPe57sM8hkjWhrw,qSjSUN6Rxhk,Hagan Teotihuacan 3 xd,Hagan Teotihuacan 3 xd,@marioyam9333,https://yt3.ggpht.com/ytc/AIdro_lwzHB9HLF-mZ3FkexO_zv_krTLUn5e_uso22-miseChlQ=s48-c-k-c0x00ffffff-no-rj,http://www.youtube.com/@marioyam9333,UCIel-utlF0JTrCvgMnqerHA,True,none,0.0,2024-06-18T02:46:25Z,2024-06-18T02:46:25Z,True,0.0,True,,,,,,,,,,,,,
youtube#commentThread,4VO2V-l__0bzur1zxFmzGZ6GTWY,UgyEl-f7v8_nbaQeZfZ4AaABAg,UCeYSnd34IPe57sM8hkjWhrw,qSjSUN6Rxhk,youtube#comment,x-ZnmUOejybrOL9aY9eG0Oryrno,UgyEl-f7v8_nbaQeZfZ4AaABAg,UCeYSnd34IPe57sM8hkjWhrw,qSjSUN6Rxhk,"Es muy complicado entender cuando hablan al mismo tiempo y aparte de que casi gritan, se que es su podcast pero para que puedan entender c√≥mo se escucha, h√°ganse una llamada y hablen al mismo tiempo por 5 minutos haber si se entienden","Es muy complicado entender cuando hablan al mismo tiempo y aparte de que casi gritan, se que es su podcast pero para que puedan entender c√≥mo se escucha, h√°ganse una llamada y hablen al mismo tiempo por 5 minutos haber si se entienden",@edwinviguerasespinosa9802,https://yt3.ggpht.com/ytc/AIdro_l2gANh2NsyOgck6umvW_4JLsumPsFQFqo8rkGZ7fuK14Y=s48-c-k-c0x00ffffff-no-rj,http://www.youtube.com/@edwinviguerasespinosa9802,UCk7tNd6sZp4AYJYhJqJB6pw,True,none,1.0,2024-06-18T02:13:54Z,2024-06-18T02:13:54Z,True,0.0,True,,,,,,,,,,,,,
youtube#commentThread,MU1Pu18wL0zP1gz2eHYzo8RgwRc,UgwtHoICNY5zzdqXk0h4AaABAg,UCeYSnd34IPe57sM8hkjWhrw,qSjSUN6Rxhk,youtube#comment,MIx4hVv1K_WKowj8PSpsz1aNEW0,UgwtHoICNY5zzdqXk0h4AaABAg,UCeYSnd34IPe57sM8hkjWhrw,qSjSUN6Rxhk,Wey los amo gracias a ustedes me gusta mas la historia y ni se diga los 20 minutos no cambien su esencia‚ù§(hola tont0s),Wey los amo gracias a ustedes me gusta mas la historia y ni se diga los 20 minutos no cambien su esencia‚ù§(hola tont0s),@MonseGarcia-eg5li,https://yt3.ggpht.com/JtgMwNvTybLtvGDwKhhoW_2KwC7acu21zAcLCRuYN-3_cltwKscUhFVvwxExN2H5AqrmsEVkI1w=s48-c-k-c0x00ffffff-no-rj,http://www.youtube.com/@MonseGarcia-eg5li,UCxclJjWMdqDTNf46ly7mI_Q,True,none,2.0,2024-06-18T02:10:34Z,2024-06-18T02:10:34Z,True,0.0,True,,,,,,,,,,,,,
youtube#commentThread,65FwNTdUpb0ZdV4TAIgYw3E5sGA,Ugx_Pf8sAL8agBPKCip4AaABAg,UCeYSnd34IPe57sM8hkjWhrw,qSjSUN6Rxhk,youtube#comment,xyvHvOg9vkxR8Dozf6ASvN7vGMI,Ugx_Pf8sAL8agBPKCip4AaABAg,UCeYSnd34IPe57sM8hkjWhrw,qSjSUN6Rxhk,Omg hasta que voy al d√≠a  üòÇüòÇ los empec√© a escuchar desde hace un par de meses desde el episodio uno y al fin llegu√© al √∫ltimo.,Omg hasta que voy al d√≠a  üòÇüòÇ los empec√© a escuchar desde hace un par de meses desde el episodio uno y al fin llegu√© al √∫ltimo.,,https://yt3.ggpht.com/ytc/AIdro_k_pdBoAPI5riSnoghQgI23aC4mJpmjJIntu1bMuijVtLTD=s48-c-k-c0x00ffffff-no-rj,http://www.youtube.com/c/M%C3%B3nicaAguilera,UCTC7TRA8lmnnKtpvHTd89Og,True,none,0.0,2024-06-17T22:02:07Z,2024-06-17T22:02:07Z,True,0.0,True,,,,,,,,,,,,,
youtube#commentThread,yL1VAObGREwdzAZZ80wBeQTUWVU,UgyeT_9OJzMzx9dD2vd4AaABAg,UCeYSnd34IPe57sM8hkjWhrw,qSjSUN6Rxhk,youtube#comment,WPEjelQkx0FWjMEN6wryXdXPBVU,UgyeT_9OJzMzx9dD2vd4AaABAg,UCeYSnd34IPe57sM8hkjWhrw,qSjSUN6Rxhk,ya digan que significa la flor de 4 hojas para tatuarmela :v ya quiero presumir mi herencia teotihuacana &gt;:v,ya digan que significa la flor de 4 hojas para tatuarmela :v ya quiero presumir mi herencia teotihuacana >:v,@SpdWonder,https://yt3.ggpht.com/ytc/AIdro_k1CywDmpcjaXKfDwaEVY8R-7ICl3Pu4JNUDgqgwf8dSJA=s48-c-k-c0x00ffffff-no-rj,http://www.youtube.com/@SpdWonder,UCvkr9ddfXK0cJ56hcasgTMQ,True,none,0.0,2024-06-17T21:08:49Z,2024-06-17T21:08:49Z,True,0.0,True,,,,,,,,,,,,,
youtube#commentThread,jPwwOKEMYmqS7Jsh8cs8aokj09Y,UgyM8jXOOwCMkZRHTz14AaABAg,UCeYSnd34IPe57sM8hkjWhrw,qSjSUN6Rxhk,youtube#comment,DSpD375Jg3wR3lX-K-bsWUxLYIg,UgyM8jXOOwCMkZRHTz14AaABAg,UCeYSnd34IPe57sM8hkjWhrw,qSjSUN6Rxhk,"Me encanta que teka dice nombres impronunciables como nada y aun le dificulta Tarapac√° o Cochrane (Cocr√°n) saludos desde Chile ‚ù§, gracias por acompa√±arme en turnos del hospital. üßö‚Äç‚ôÄÔ∏è","Me encanta que teka dice nombres impronunciables como nada y aun le dificulta Tarapac√° o Cochrane (Cocr√°n) saludos desde Chile ‚ù§, gracias por acompa√±arme en turnos del hospital. üßö‚Äç‚ôÄÔ∏è",@karlaarcapido8378,https://yt3.ggpht.com/ytc/AIdro_lvf5upLcSW1jnXn0jDaUUQ0QJ5MO8Tl-1N8j9-A4kel1s=s48-c-k-c0x00ffffff-no-rj,http://www.youtube.com/@karlaarcapido8378,UCZN1kWhWoKF0AF_xM7ZVBxA,True,none,3.0,2024-06-17T19:03:08Z,2024-06-17T19:03:08Z,True,0.0,True,,,,,,,,,,,,,
youtube#commentThread,rlixxudyI5gvF_TIwQ_8cOXFKl4,UgyXcTFVci8GupX4yXl4AaABAg,UCeYSnd34IPe57sM8hkjWhrw,qSjSUN6Rxhk,youtube#comment,aM4nn7nuDRQ4-xohyF_75TVsYtU,UgyXcTFVci8GupX4yXl4AaABAg,UCeYSnd34IPe57sM8hkjWhrw,qSjSUN6Rxhk,El teca con el peinado de juve3dstudio,El teca con el peinado de juve3dstudio,@alexanderosmar6779,https://yt3.ggpht.com/ytc/AIdro_nFYiPyeN9vQtmeZOV_BZxRckV4iAJkdNQU3mfdGbPUIopwy0IaDsVvOn9uYAGI4OAHew=s48-c-k-c0x00ffffff-no-rj,http://www.youtube.com/@alexanderosmar6779,UCDr9tg9lmK2VAA7mjHmLQdA,True,none,1.0,2024-06-17T18:01:01Z,2024-06-17T18:01:01Z,True,0.0,True,,,,,,,,,,,,,
youtube#commentThread,3NRiOti5r2-IfcESjg14jsk4Z40,UgyX0IejWBdvELUtLWR4AaABAg,UCeYSnd34IPe57sM8hkjWhrw,qSjSUN6Rxhk,youtube#comment,C_jLBZtirKgoWn6AmZ1dhOuPd3E,UgyX0IejWBdvELUtLWR4AaABAg,UCeYSnd34IPe57sM8hkjWhrw,qSjSUN6Rxhk,Imperio japon√©s pt4 plis,Imperio japon√©s pt4 plis,@ivanmelchor2889,https://yt3.ggpht.com/ytc/AIdro_nWKTGSonhM-T8UMp8LtgMeOca3WZgD7MbleE2lM08=s48-c-k-c0x00ffffff-no-rj,http://www.youtube.com/@ivanmelchor2889,UC6qmZLxUbR3ZIKT9Z2e2PCw,True,none,1.0,2024-06-17T17:49:49Z,2024-06-17T17:49:49Z,True,0.0,True,,,,,,,,,,,,,
youtube#commentThread,8hAcdrK5v_Xlu-EEjKxrhCPsY9U,UgxL9sqNQSZITYC-wFx4AaABAg,UCeYSnd34IPe57sM8hkjWhrw,qSjSUN6Rxhk,youtube#comment,DaMV8pEuPTt-NNMn6XXxF7fbTRI,UgxL9sqNQSZITYC-wFx4AaABAg,UCeYSnd34IPe57sM8hkjWhrw,qSjSUN6Rxhk,"no vaya a ser otro cap√≠tulo del imperio japon√©s porque tienen que suceder 2 guerras, 5 terremotos, un descubrimiento alien√≠gena y que Iker se quite la barba para que salga el nuevo cap√≠tulo","no vaya a ser otro cap√≠tulo del imperio japon√©s porque tienen que suceder 2 guerras, 5 terremotos, un descubrimiento alien√≠gena y que Iker se quite la barba para que salga el nuevo cap√≠tulo",@TheMexicanYO,https://yt3.ggpht.com/ytc/AIdro_l6vXOUrZ7G3c0sd37LR6kyfCglSBJDvsQiG6QHD_c=s48-c-k-c0x00ffffff-no-rj,http://www.youtube.com/@TheMexicanYO,UCuMopega7Jl-9LaaH9adkYA,True,none,0.0,2024-06-17T15:57:39Z,2024-06-17T15:57:39Z,True,0.0,True,,,,,,,,,,,,,
youtube#commentThread,ioTV7EEm2OvM3qwXLX5KfjA5-1E,Ugy7Nwql_gXioZg9qop4AaABAg,UCeYSnd34IPe57sM8hkjWhrw,qSjSUN6Rxhk,youtube#comment,sZYdo3nyoTSn5jCZYiu98LfZCOk,Ugy7Nwql_gXioZg9qop4AaABAg,UCeYSnd34IPe57sM8hkjWhrw,qSjSUN6Rxhk,El teka: no sabemos nada de Teotihuac√°n <br><br>El teka tambi√©n: <b>procede a hacer 3+ cap√≠tulos de Teotihuac√°n</b>,"El teka: no sabemos nada de Teotihuac√°n 

El teka tambi√©n: *procede a hacer 3+ cap√≠tulos de Teotihuac√°n*",@LadySkywalkerW,https://yt3.ggpht.com/ytc/AIdro_lwbDah96CnBihX4Y-e36Gm0TnYnOORwUSk-Wx4KTUTgw=s48-c-k-c0x00ffffff-no-rj,http://www.youtube.com/@LadySkywalkerW,UCC-kANsNvPcG9ut34SPngeg,True,none,11.0,2024-06-17T15:55:40Z,2024-06-17T15:55:40Z,True,0.0,True,,,,,,,,,,,,,
youtube#commentThread,YvfG4hrWB20Fp-0HigdI59gBzR8,Ugw6TJ5joyrymeFq6cJ4AaABAg,UCeYSnd34IPe57sM8hkjWhrw,qSjSUN6Rxhk,youtube#comment,UlktDweUnlu1ztswufBfrYUtTBw,Ugw6TJ5joyrymeFq6cJ4AaABAg,UCeYSnd34IPe57sM8hkjWhrw,qSjSUN6Rxhk,"S√≠ii. Al chile el wey que restaur√≥ las pir√°mides le pudo haber echado m√°s ganas. Si unos vatos lo pudieron hace mil a√±os antes, √©l tambi√©n pudo pero seguro nada se fijo en que se viera &quot;bonito&quot;","S√≠ii. Al chile el wey que restaur√≥ las pir√°mides le pudo haber echado m√°s ganas. Si unos vatos lo pudieron hace mil a√±os antes, √©l tambi√©n pudo pero seguro nada se fijo en que se viera ""bonito""",@LadySkywalkerW,https://yt3.ggpht.com/ytc/AIdro_lwbDah96CnBihX4Y-e36Gm0TnYnOORwUSk-Wx4KTUTgw=s48-c-k-c0x00ffffff-no-rj,http://www.youtube.com/@LadySkywalkerW,UCC-kANsNvPcG9ut34SPngeg,True,none,1.0,2024-06-17T15:39:30Z,2024-06-17T15:39:30Z,True,0.0,True,,,,,,,,,,,,,
youtube#commentThread,kVIucPBKK5FwFIEgfAjwY3Y1FcM,UgwZoDK_keODnKkMR6p4AaABAg,UCeYSnd34IPe57sM8hkjWhrw,qSjSUN6Rxhk,youtube#comment,XCqGCqax4NseXlxh9qwhVSp8PXs,UgwZoDK_keODnKkMR6p4AaABAg,UCeYSnd34IPe57sM8hkjWhrw,qSjSUN6Rxhk,Que bendici√≥n muchas gracias al fin. Saludos me encanta su podcast,Que bendici√≥n muchas gracias al fin. Saludos me encanta su podcast,@anamariamartinezgamez7035,https://yt3.ggpht.com/ytc/AIdro_m5iaXugmbufx1L-3mzepB32iIt-G53N522nvmgnlyw6AMM=s48-c-k-c0x00ffffff-no-rj,http://www.youtube.com/@anamariamartinezgamez7035,UCLVpTOywS0BONlB3sEN-gLw,True,none,0.0,2024-06-17T15:26:57Z,2024-06-17T15:26:57Z,True,0.0,True,,,,,,,,,,,,,
youtube#commentThread,G0Tb3hs0f02wNFxR4Eai2whslM0,Ugx4VQKRyZaUAG4u9jZ4AaABAg,UCeYSnd34IPe57sM8hkjWhrw,qSjSUN6Rxhk,youtube#comment,SZnNPNztTEVpIBj4D5L4FmQDdrI,Ugx4VQKRyZaUAG4u9jZ4AaABAg,UCeYSnd34IPe57sM8hkjWhrw,qSjSUN6Rxhk,jajaj historia para totos,jajaj historia para totos,@curupequillo6881,https://yt3.ggpht.com/ytc/AIdro_nB245WqKbfRJW9bBe4h3nUHtT4gf7iiSbxwws2AMSloQI=s48-c-k-c0x00ffffff-no-rj,http://www.youtube.com/@curupequillo6881,UCzqeBYkxROr7SQl95vgLyEw,True,none,1.0,2024-06-17T15:10:27Z,2024-06-17T15:10:27Z,True,0.0,True,,,,,,,,,,,,,
youtube#commentThread,kdCY45OwdzNkBqk5oA3h5oLwE1I,Ugz2s-Xiqi6TvjfwtrV4AaABAg,UCeYSnd34IPe57sM8hkjWhrw,qSjSUN6Rxhk,youtube#comment,Qoo1x-dsjaL3FDOqjG8XozKiPIo,Ugz2s-Xiqi6TvjfwtrV4AaABAg,UCeYSnd34IPe57sM8hkjWhrw,qSjSUN6Rxhk,"Al fin, historia para totas como yo ‚ù§","Al fin, historia para totas como yo ‚ù§",@LadySkywalkerW,https://yt3.ggpht.com/ytc/AIdro_lwbDah96CnBihX4Y-e36Gm0TnYnOORwUSk-Wx4KTUTgw=s48-c-k-c0x00ffffff-no-rj,http://www.youtube.com/@LadySkywalkerW,UCC-kANsNvPcG9ut34SPngeg,True,none,3.0,2024-06-17T15:08:13Z,2024-06-17T15:08:13Z,True,0.0,True,,,,,,,,,,,,,
youtube#commentThread,YNzz439Nkk0K7RdU3zy6ZwTgPrY,UgyiJLgsRw7yGNgftWh4AaABAg,UCeYSnd34IPe57sM8hkjWhrw,qSjSUN6Rxhk,youtube#comment,ZdiZpkQjuvz0mOvy6e9-AGc0lNE,UgyiJLgsRw7yGNgftWh4AaABAg,UCeYSnd34IPe57sM8hkjWhrw,qSjSUN6Rxhk,Historia de la animaci√≥n parte 2 üôè,Historia de la animaci√≥n parte 2 üôè,@mariouzielolivarescruz7257,https://yt3.ggpht.com/ytc/AIdro_kmJoKrA-6nlYDRLXP929N61UM6E86UoCtrZ-TBBG6Yuqc=s48-c-k-c0x00ffffff-no-rj,http://www.youtube.com/@mariouzielolivarescruz7257,UCvwdkp-7AzIR_qHgd43GFyA,True,none,0.0,2024-06-17T14:20:59Z,2024-06-17T14:20:59Z,True,0.0,True,,,,,,,,,,,,,
youtube#commentThread,w706nzOVGUd-xrdqdSIR9gd4kpo,Ugy9PukCSP8tWgBGDW94AaABAg,UCeYSnd34IPe57sM8hkjWhrw,qSjSUN6Rxhk,youtube#comment,gA49SuB5E1eIfAgQQiXxWNvMYzk,Ugy9PukCSP8tWgBGDW94AaABAg,UCeYSnd34IPe57sM8hkjWhrw,qSjSUN6Rxhk,"Pens√© que hab√≠a visto un capitulo de historia para tontos, pero se rifan m√°s los de totos (con Africa de intro).","Pens√© que hab√≠a visto un capitulo de historia para tontos, pero se rifan m√°s los de totos (con Africa de intro).",@antoniogalvan7791,https://yt3.ggpht.com/ytc/AIdro_n1nfUW30tSK2QOIM_MC0zXoREEjVv8KL_iU84zxmcnpA=s48-c-k-c0x00ffffff-no-rj,http://www.youtube.com/@antoniogalvan7791,UCDBPuojctY5NnZLeuKBekdA,True,none,1.0,2024-06-17T14:14:31Z,2024-06-17T14:14:31Z,True,0.0,True,,,,,,,,,,,,,
youtube#commentThread,RuXGrVvdgki6Ig9Vb8tWRBiZpak,UgyPymW_MX4Z2GFLVwZ4AaABAg,UCeYSnd34IPe57sM8hkjWhrw,qSjSUN6Rxhk,youtube#comment,Qb_mjlc12xf9j_LKE3MAdjELQK0,UgyPymW_MX4Z2GFLVwZ4AaABAg,UCeYSnd34IPe57sM8hkjWhrw,qSjSUN6Rxhk,"Que tan viable ser√≠a un cross over con La Verdadera Historia de M√©xico? <br>Ser√≠a epico, no por los datos si no por el debate jajaja","Que tan viable ser√≠a un cross over con La Verdadera Historia de M√©xico? 
Ser√≠a epico, no por los datos si no por el debate jajaja",@osanot,https://yt3.ggpht.com/ytc/AIdro_mqNFevyQUZBUkJ26nRjJPUBHpUWVg85bwfg_YJ-FM66ow=s48-c-k-c0x00ffffff-no-rj,http://www.youtube.com/@osanot,UCXf456gISdRIrID0iDQRuTA,True,none,5.0,2024-06-17T13:53:03Z,2024-06-17T13:53:03Z,True,2.0,True,"[{'kind': 'youtube#comment', 'etag': '3AurcP37f-fKoMDUPq3SgoEPubI', 'id': 'UgyPymW_MX4Z2GFLVwZ4AaABAg.A4mwEIQWXP3A4nnge1h7ww', 'snippet': {'channelId': 'UCeYSnd34IPe57sM8hkjWhrw', 'videoId': 'qSjSUN6Rxhk', 'textDisplay': 'A mi tambi√©n me encantar√≠a que tuvieran de invitado al profe Mendoza', 'textOriginal': 'A mi tambi√©n me encantar√≠a que tuvieran de invitado al profe Mendoza', 'parentId': 'UgyPymW_MX4Z2GFLVwZ4AaABAg', 'authorDisplayName': '', 'authorProfileImageUrl': 'https://yt3.ggpht.com/ytc/AIdro_k_pdBoAPI5riSnoghQgI23aC4mJpmjJIntu1bMuijVtLTD=s48-c-k-c0x00ffffff-no-rj', 'authorChannelUrl': 'http://www.youtube.com/c/M%C3%B3nicaAguilera', 'authorChannelId': {'value': 'UCTC7TRA8lmnnKtpvHTd89Og'}, 'canRate': True, 'viewerRating': 'none', 'likeCount': 1, 'publishedAt': '2024-06-17T21:57:39Z', 'updatedAt': '2024-06-17T21:57:39Z'}}, {'kind': 'youtube#comment', 'etag': 'BgkRUb6hKH3WEZTfRTm07QuWook', 'id': 'UgyPymW_MX4Z2GFLVwZ4AaABAg.A4mwEIQWXP3A4oUN9C40MU', 'snippet': {'channelId': 'UCeYSnd34IPe57sM8hkjWhrw', 'videoId': 'qSjSUN6Rxhk', 'textDisplay': 'Yo espero que inviten a la mam√° de Teca', 'textOriginal': 'Yo espero que inviten a la mam√° de Teca', 'parentId': 'UgyPymW_MX4Z2GFLVwZ4AaABAg', 'authorDisplayName': '@claravillanueva5568', 'authorProfileImageUrl': 'https://yt3.ggpht.com/ytc/AIdro_lBCzlFx809SijWkhhq9p_ejL4C8XU_E09cFJAjI0E=s48-c-k-c0x00ffffff-no-rj', 'authorChannelUrl': 'http://www.youtube.com/@claravillanueva5568', 'authorChannelId': {'value': 'UCC0Rgws4Krd9AVFH5ElNgXg'}, 'canRate': True, 'viewerRating': 'none', 'likeCount': 2, 'publishedAt': '2024-06-18T04:19:20Z', 'updatedAt': '2024-06-18T04:19:20Z'}}]",,,,,,,,,,,,
youtube#commentThread,8h9K5CBYlWsAt0u0dRTT-DRbBRQ,UgxPUlO2kdA7fgHuls14AaABAg,UCeYSnd34IPe57sM8hkjWhrw,qSjSUN6Rxhk,youtube#comment,bJwwZ71UyUqVht8wDH1r_UBHVi8,UgxPUlO2kdA7fgHuls14AaABAg,UCeYSnd34IPe57sM8hkjWhrw,qSjSUN6Rxhk,"Vean a las Bettys, muy buena canci√≥n de Phineas y Ferb ü•µüò§","Vean a las Bettys, muy buena canci√≥n de Phineas y Ferb ü•µüò§",@mariouzielolivarescruz7257,https://yt3.ggpht.com/ytc/AIdro_kmJoKrA-6nlYDRLXP929N61UM6E86UoCtrZ-TBBG6Yuqc=s48-c-k-c0x00ffffff-no-rj,http://www.youtube.com/@mariouzielolivarescruz7257,UCvwdkp-7AzIR_qHgd43GFyA,True,none,0.0,2024-06-17T13:41:02Z,2024-06-17T13:41:02Z,True,0.0,True,,,,,,,,,,,,,
youtube#commentThread,nvTd3mNVte7a4DgMo9n_YG8ms-A,UgzUqiNt6sWFCToeMQ94AaABAg,UCeYSnd34IPe57sM8hkjWhrw,qSjSUN6Rxhk,youtube#comment,fHPaYTvbKBaMY_t768VV3ibk2Ic,UgzUqiNt6sWFCToeMQ94AaABAg,UCeYSnd34IPe57sM8hkjWhrw,qSjSUN6Rxhk,Se nota que son historiadores que no leen de arqueolog√≠a üò¢,Se nota que son historiadores que no leen de arqueolog√≠a üò¢,@ArielTexisMu√±oz,https://yt3.ggpht.com/ytc/AIdro_nzf_38osY0eh7aPQbfKu6wRof-DTAs7pSaNm9ZMqGPUJFfWyS5SFzzSHFBOz2qGsV8gw=s48-c-k-c0x00ffffff-no-rj,http://www.youtube.com/@ArielTexisMu%C3%B1oz,UCu5Tujz23FNYBcTZjYNbhOg,True,none,3.0,2024-06-17T13:27:41Z,2024-06-17T13:27:41Z,True,14.0,True,"[{'kind': 'youtube#comment', 'etag': 'LspAWCdszJjDq3xB74EZ6WlXJbM', 'id': 'UgzUqiNt6sWFCToeMQ94AaABAg.A4mtKZvg0bNA4nHlLxy8VV', 'snippet': {'channelId': 'UCeYSnd34IPe57sM8hkjWhrw', 'videoId': 'qSjSUN6Rxhk', 'textDisplay': 'ni son historiadores mi buen.<br><br>son de Relaciones Internacionales üòÇ', 'textOriginal': 'ni son historiadores mi buen.\n\nson de Relaciones Internacionales üòÇ', 'parentId': 'UgzUqiNt6sWFCToeMQ94AaABAg', 'authorDisplayName': '@SantiagoItzcoatl', 'authorProfileImageUrl': 'https://yt3.ggpht.com/ytc/AIdro_kNp7nO6H8vr_5I7bvyKls8Xw92PscyLo7G5HayDsfReTY=s48-c-k-c0x00ffffff-no-rj', 'authorChannelUrl': 'http://www.youtube.com/@SantiagoItzcoatl', 'authorChannelId': {'value': 'UCbDEMBgOeP90oPLWs7-FDvQ'}, 'canRate': True, 'viewerRating': 'none', 'likeCount': 5, 'publishedAt': '2024-06-17T17:09:56Z', 'updatedAt': '2024-06-17T17:09:56Z'}}, {'kind': 'youtube#comment', 'etag': 'YZwYeeqN7AZtfcJP096sVVWMP-E', 'id': 'UgzUqiNt6sWFCToeMQ94AaABAg.A4mtKZvg0bNA4nvrAbLjKG', 'snippet': {'channelId': 'UCeYSnd34IPe57sM8hkjWhrw', 'videoId': 'qSjSUN6Rxhk', 'textDisplay': 'Por? Yo quiero saber!', 'textOriginal': 'Por? Yo quiero saber!', 'parentId': 'UgzUqiNt6sWFCToeMQ94AaABAg', 'authorDisplayName': '@elbencotv', 'authorProfileImageUrl': 'https://yt3.ggpht.com/AzgcPqPw55TgfFAF_qMCywRZh4uWQF492b1lM98nSP5Ng3GX2dooDdQ0_UwhptFWdofN6j4kKpQ=s48-c-k-c0x00ffffff-no-rj', 'authorChannelUrl': 'http://www.youtube.com/@elbencotv', 'authorChannelId': {'value': 'UC3NPVWqLNI66bxTKpB4SvHw'}, 'canRate': True, 'viewerRating': 'none', 'likeCount': 0, 'publishedAt': '2024-06-17T23:09:00Z', 'updatedAt': '2024-06-17T23:09:00Z'}}, {'kind': 'youtube#comment', 'etag': '0fVO90rGJQf7BqC0hw1mSMIKu8s', 'id': 'UgzUqiNt6sWFCToeMQ94AaABAg.A4mtKZvg0bNA4oBW5NY5mn', 'snippet': {'channelId': 'UCeYSnd34IPe57sM8hkjWhrw', 'videoId': 'qSjSUN6Rxhk', 'textDisplay': '@@SantiagoItzcoatl el Teca si es historiador.', 'textOriginal': '@@SantiagoItzcoatl el Teca si es historiador.', 'parentId': 'UgzUqiNt6sWFCToeMQ94AaABAg', 'authorDisplayName': '@ArielTexisMu√±oz', 'authorProfileImageUrl': 'https://yt3.ggpht.com/ytc/AIdro_nzf_38osY0eh7aPQbfKu6wRof-DTAs7pSaNm9ZMqGPUJFfWyS5SFzzSHFBOz2qGsV8gw=s48-c-k-c0x00ffffff-no-rj', 'authorChannelUrl': 'http://www.youtube.com/@ArielTexisMu%C3%B1oz', 'authorChannelId': {'value': 'UCu5Tujz23FNYBcTZjYNbhOg'}, 'canRate': True, 'viewerRating': 'none', 'likeCount': 0, 'publishedAt': '2024-06-18T01:34:32Z', 'updatedAt': '2024-06-18T01:34:32Z'}}, {'kind': 'youtube#comment', 'etag': 'fBMgzlL6X593gEPcUKCQZVlQv8k', 'id': 'UgzUqiNt6sWFCToeMQ94AaABAg.A4mtKZvg0bNA4oBbaIFQjU', 'snippet': {'channelId': 'UCeYSnd34IPe57sM8hkjWhrw', 'videoId': 'qSjSUN6Rxhk', 'textDisplay': '@@elbencotv porque est√°n usando datos muuuuy viejos sobre Teotihuac√°n.', 'textOriginal': '@@elbencotv porque est√°n usando datos muuuuy viejos sobre Teotihuac√°n.', 'parentId': 'UgzUqiNt6sWFCToeMQ94AaABAg', 'authorDisplayName': '@ArielTexisMu√±oz', 'authorProfileImageUrl': 'https://yt3.ggpht.com/ytc/AIdro_nzf_38osY0eh7aPQbfKu6wRof-DTAs7pSaNm9ZMqGPUJFfWyS5SFzzSHFBOz2qGsV8gw=s48-c-k-c0x00ffffff-no-rj', 'authorChannelUrl': 'http://www.youtube.com/@ArielTexisMu%C3%B1oz', 'authorChannelId': {'value': 'UCu5Tujz23FNYBcTZjYNbhOg'}, 'canRate': True, 'viewerRating': 'none', 'likeCount': 1, 'publishedAt': '2024-06-18T01:35:25Z', 'updatedAt': '2024-06-18T01:35:25Z'}}, {'kind': 'youtube#comment', 'etag': 'IKNd4j43Oe431Tn1NdDxwNTAX3c', 'id': 'UgzUqiNt6sWFCToeMQ94AaABAg.A4mtKZvg0bNA4oBgVR00vS', 'snippet': {'channelId': 'UCeYSnd34IPe57sM8hkjWhrw', 'videoId': 'qSjSUN6Rxhk', 'textDisplay': '@@SantiagoItzcoatl pues peor ü§£ü•≤üôÉ', 'textOriginal': '@@SantiagoItzcoatl pues peor ü§£ü•≤üôÉ', 'parentId': 'UgzUqiNt6sWFCToeMQ94AaABAg', 'authorDisplayName': '@ArielTexisMu√±oz', 'authorProfileImageUrl': 'https://yt3.ggpht.com/ytc/AIdro_nzf_38osY0eh7aPQbfKu6wRof-DTAs7pSaNm9ZMqGPUJFfWyS5SFzzSHFBOz2qGsV8gw=s48-c-k-c0x00ffffff-no-rj', 'authorChannelUrl': 'http://www.youtube.com/@ArielTexisMu%C3%B1oz', 'authorChannelId': {'value': 'UCu5Tujz23FNYBcTZjYNbhOg'}, 'canRate': True, 'viewerRating': 'none', 'likeCount': 1, 'publishedAt': '2024-06-18T01:36:05Z', 'updatedAt': '2024-06-18T01:36:05Z'}}]",,,,,,,,,,,,
youtube#commentThread,rP_z2gJx3TsZQ20uuiY6dOR6LEA,UgzqWZ_fYYr0YqvbQUB4AaABAg,UCeYSnd34IPe57sM8hkjWhrw,qSjSUN6Rxhk,youtube#comment,HgfYoV-J0McoC1R9K5eMMnmuJ-w,UgzqWZ_fYYr0YqvbQUB4AaABAg,UCeYSnd34IPe57sM8hkjWhrw,qSjSUN6Rxhk,"Cap√≠tulo para empezar bien el lunes, que bendici√≥n!<br>Saludos desde la tierra de las cervezas y el queso, Wisconsin :)","Cap√≠tulo para empezar bien el lunes, que bendici√≥n!
Saludos desde la tierra de las cervezas y el queso, Wisconsin :)",@PamAuChocolat,https://yt3.ggpht.com/L7zngfeNqS82nOxQe6scDScACPDe17y7_Y1A7MFP-TXqz1CBhSQYjl2klLrkyMLYsImZMg31=s48-c-k-c0x00ffffff-no-rj,http://www.youtube.com/@PamAuChocolat,UCamOzisVZ4DUiTNQzTCMtxQ,True,none,1.0,2024-06-17T13:24:48Z,2024-06-17T13:24:48Z,True,0.0,True,,,,,,,,,,,,,
youtube#comment,YW1Y8iZfWcSTmvBtoTsbMW8jEsQ,UgxxksqJGOyxYwNlZ-F4AaABAg.A5FL_skGLstA77qyJh-p8w,UCeYSnd34IPe57sM8hkjWhrw,qSjSUN6Rxhk,,,,,,,,,,,,,,,,,,,,,"Porque ese saber no era exclusivo de Europa, aqu√≠ tambi√©n ten√≠amos astr√≥nomos y usaban calendarios m√°s exactos","Porque ese saber no era exclusivo de Europa, aqu√≠ tambi√©n ten√≠amos astr√≥nomos y usaban calendarios m√°s exactos",UgxxksqJGOyxYwNlZ-F4AaABAg,@gerardomarin3704,https://yt3.ggpht.com/ytc/AIdro_llsVXXNftH3IeJbqvGiarCVgu80IyChxSps7u5X2xSosc=s48-c-k-c0x00ffffff-no-rj,http://www.youtube.com/@gerardomarin3704,UCSx1Rju_L2MpgAxcmxgSmNg,True,none,1.0,2024-08-14T19:13:07Z,2024-08-14T19:13:33Z
youtube#comment,3AurcP37f-fKoMDUPq3SgoEPubI,UgyPymW_MX4Z2GFLVwZ4AaABAg.A4mwEIQWXP3A4nnge1h7ww,UCeYSnd34IPe57sM8hkjWhrw,qSjSUN6Rxhk,,,,,,,,,,,,,,,,,,,,,A mi tambi√©n me encantar√≠a que tuvieran de invitado al profe Mendoza,A mi tambi√©n me encantar√≠a que tuvieran de invitado al profe Mendoza,UgyPymW_MX4Z2GFLVwZ4AaABAg,,https://yt3.ggpht.com/ytc/AIdro_k_pdBoAPI5riSnoghQgI23aC4mJpmjJIntu1bMuijVtLTD=s48-c-k-c0x00ffffff-no-rj,http://www.youtube.com/c/M%C3%B3nicaAguilera,UCTC7TRA8lmnnKtpvHTd89Og,True,none,1.0,2024-06-17T21:57:39Z,2024-06-17T21:57:39Z
youtube#comment,BgkRUb6hKH3WEZTfRTm07QuWook,UgyPymW_MX4Z2GFLVwZ4AaABAg.A4mwEIQWXP3A4oUN9C40MU,UCeYSnd34IPe57sM8hkjWhrw,qSjSUN6Rxhk,,,,,,,,,,,,,,,,,,,,,Yo espero que inviten a la mam√° de Teca,Yo espero que inviten a la mam√° de Teca,UgyPymW_MX4Z2GFLVwZ4AaABAg,@claravillanueva5568,https://yt3.ggpht.com/ytc/AIdro_lBCzlFx809SijWkhhq9p_ejL4C8XU_E09cFJAjI0E=s48-c-k-c0x00ffffff-no-rj,http://www.youtube.com/@claravillanueva5568,UCC0Rgws4Krd9AVFH5ElNgXg,True,none,2.0,2024-06-18T04:19:20Z,2024-06-18T04:19:20Z
youtube#comment,LspAWCdszJjDq3xB74EZ6WlXJbM,UgzUqiNt6sWFCToeMQ94AaABAg.A4mtKZvg0bNA4nHlLxy8VV,UCeYSnd34IPe57sM8hkjWhrw,qSjSUN6Rxhk,,,,,,,,,,,,,,,,,,,,,ni son historiadores mi buen.<br><br>son de Relaciones Internacionales üòÇ,"ni son historiadores mi buen.

son de Relaciones Internacionales üòÇ",UgzUqiNt6sWFCToeMQ94AaABAg,@SantiagoItzcoatl,https://yt3.ggpht.com/ytc/AIdro_kNp7nO6H8vr_5I7bvyKls8Xw92PscyLo7G5HayDsfReTY=s48-c-k-c0x00ffffff-no-rj,http://www.youtube.com/@SantiagoItzcoatl,UCbDEMBgOeP90oPLWs7-FDvQ,True,none,5.0,2024-06-17T17:09:56Z,2024-06-17T17:09:56Z
youtube#comment,YZwYeeqN7AZtfcJP096sVVWMP-E,UgzUqiNt6sWFCToeMQ94AaABAg.A4mtKZvg0bNA4nvrAbLjKG,UCeYSnd34IPe57sM8hkjWhrw,qSjSUN6Rxhk,,,,,,,,,,,,,,,,,,,,,Por? Yo quiero saber!,Por? Yo quiero saber!,UgzUqiNt6sWFCToeMQ94AaABAg,@elbencotv,https://yt3.ggpht.com/AzgcPqPw55TgfFAF_qMCywRZh4uWQF492b1lM98nSP5Ng3GX2dooDdQ0_UwhptFWdofN6j4kKpQ=s48-c-k-c0x00ffffff-no-rj,http://www.youtube.com/@elbencotv,UC3NPVWqLNI66bxTKpB4SvHw,True,none,0.0,2024-06-17T23:09:00Z,2024-06-17T23:09:00Z
youtube#comment,0fVO90rGJQf7BqC0hw1mSMIKu8s,UgzUqiNt6sWFCToeMQ94AaABAg.A4mtKZvg0bNA4oBW5NY5mn,UCeYSnd34IPe57sM8hkjWhrw,qSjSUN6Rxhk,,,,,,,,,,,,,,,,,,,,,@@SantiagoItzcoatl el Teca si es historiador.,@@SantiagoItzcoatl el Teca si es historiador.,UgzUqiNt6sWFCToeMQ94AaABAg,@ArielTexisMu√±oz,https://yt3.ggpht.com/ytc/AIdro_nzf_38osY0eh7aPQbfKu6wRof-DTAs7pSaNm9ZMqGPUJFfWyS5SFzzSHFBOz2qGsV8gw=s48-c-k-c0x00ffffff-no-rj,http://www.youtube.com/@ArielTexisMu%C3%B1oz,UCu5Tujz23FNYBcTZjYNbhOg,True,none,0.0,2024-06-18T01:34:32Z,2024-06-18T01:34:32Z
youtube#comment,fBMgzlL6X593gEPcUKCQZVlQv8k,UgzUqiNt6sWFCToeMQ94AaABAg.A4mtKZvg0bNA4oBbaIFQjU,UCeYSnd34IPe57sM8hkjWhrw,qSjSUN6Rxhk,,,,,,,,,,,,,,,,,,,,,@@elbencotv porque est√°n usando datos muuuuy viejos sobre Teotihuac√°n.,@@elbencotv porque est√°n usando datos muuuuy viejos sobre Teotihuac√°n.,UgzUqiNt6sWFCToeMQ94AaABAg,@ArielTexisMu√±oz,https://yt3.ggpht.com/ytc/AIdro_nzf_38osY0eh7aPQbfKu6wRof-DTAs7pSaNm9ZMqGPUJFfWyS5SFzzSHFBOz2qGsV8gw=s48-c-k-c0x00ffffff-no-rj,http://www.youtube.com/@ArielTexisMu%C3%B1oz,UCu5Tujz23FNYBcTZjYNbhOg,True,none,1.0,2024-06-18T01:35:25Z,2024-06-18T01:35:25Z
youtube#comment,IKNd4j43Oe431Tn1NdDxwNTAX3c,UgzUqiNt6sWFCToeMQ94AaABAg.A4mtKZvg0bNA4oBgVR00vS,UCeYSnd34IPe57sM8hkjWhrw,qSjSUN6Rxhk,,,,,,,,,,,,,,,,,,,,,@@SantiagoItzcoatl pues peor ü§£ü•≤üôÉ,@@SantiagoItzcoatl pues peor ü§£ü•≤üôÉ,UgzUqiNt6sWFCToeMQ94AaABAg,@ArielTexisMu√±oz,https://yt3.ggpht.com/ytc/AIdro_nzf_38osY0eh7aPQbfKu6wRof-DTAs7pSaNm9ZMqGPUJFfWyS5SFzzSHFBOz2qGsV8gw=s48-c-k-c0x00ffffff-no-rj,http://www.youtube.com/@ArielTexisMu%C3%B1oz,UCu5Tujz23FNYBcTZjYNbhOg,True,none,1.0,2024-06-18T01:36:05Z,2024-06-18T01:36:05Z
